,Video Id,Category,CategoryId,channelTitle,title,publishedAt,description,viewCount,likeCount,commentCount,duration
0,QLur8MPmjfM,People & Blogs,22,New Gadgets,"New Gadgets!ğŸ¥° Tool Items, Smart Kitchen Appliances, Tools, Utensils/Home Cleaning/Inventions #shorts",2023-06-20T08:43:53Z,,66057050,820818,388,PT16S
1,TLVO_d7YL1U,People & Blogs,22,Vlogger Ayaan Story,Bhagwan kisi ko itna Majbur naa BanayeğŸ˜¢â™¥ï¸ #shorts #emotional #concept #story,2023-06-19T02:45:01Z,,20562080,366044,138,PT47S
2,GnVhB6MljWY,People & Blogs,22,VihaanOpedia,How I made Chocolate Balls !!  Cooking with Kids !! No Fire No Bake Chocolate Balls ! #shortfeed,2023-06-19T15:36:40Z,"#shortfeed #shorts #ytshorts #kidsvideos #chocolateballs #dessertrecipe #quickdessert

Tags:
Chocolate Balls II Father's day special quick & Easy dessert recipe II Chocolate dessert recipe II Chocolate Date Balls, Chocolate Dessert, Healthy Energy Ball,Coklat Ball Resepi, Bebola Coklat, Chocolate Cake Balls recipe, Cake Pops, How to make chocolate truffles with milk at home, Chocolate Balls Recipe, Date Chocolate Balls Healthy Protein Snacks, Post Workout Snacks, Healthy Date Recipe, Healthy Dessert, Chocolate Recipe, Date & Nuts Ball, Choco Ball, Chocolate Dates Ball Recipe, Dessert Recipe, Easy Dessert, Sweet Dates Ball, Energy Balls, Date Balls, chocolate balls recipe easy, chocolate balls, how to make chocolate balls, à¤¹à¥‹à¤®à¤®à¥‡à¤¡ à¤šà¥‰à¤•à¤²à¥‡à¤Ÿ à¤¬à¥‰à¤²à¥à¤¸ |
diy activities,kids,plasticine,sister,candies,lifehacks,easy life hacks,tips,simple life hacks, educational, cubes, diy projects, do it yourself, candles,macarone, painting, children,handcraft,draw,paint,tricks, finger,brother,sibling,tutorial, siblings,5-minute crafts kids, development,useful things,5-minute crafts,easy,puzzle, crafts, mini cake,baking,1000+ tiny cakes,best of tiny cakes,tiny cakes,cooking recipes,1000+ miniature cake,kindergarten,mini cooking asmr,cake,chocolate cake,miniature cake,satisfying miniature,tiny cake decorating,miniature cake recipe,best of miniature cake,miniature cake tutorial,cooking,science,miniature cake decorating,learning,1000+ miniature cake decorating videos,craft miniature,miniature,cake mini,animation,kids,jessi knudsen castaneda,dip recipes

#kidsbaking #baking #bakingwithkids #kidsinthekitchen #cupcakes #cookies #kidscooking #homemade #kids #kidbaker #kidsactivities #brownies #cookingwithkids #smallbusiness #bake #chocolate #homebaking #fromscratch #bakingkids #cooking #veganbaking #cake #yummy #foodie #bakinglove #kidsbake #lfbaking #bakingfun #collegefund #clairasconfectionsforcollege
#cake #cakelover #lovebaking #lovecooking #kidsreels #kidsactivities #kidsbakingchampionship #kidbaking #kidsvideos #cakeforkids #learning #kidslearning #kidslearningfun #motivation #birthday #birthdaycakes #birthdayideas #chocolate #chocolatecake #swisschocolate
#kidsvideos #kidsvideosforkids #kidsvideosonyoutube #kidsvideosfunny #kidsvideostowatch #kidsvideosforgirls #kidsvideosand #kidsactivity #kidsactivitygames #kidsactivityathome #kidsactivitybook #kidsactivityideas #kidsactivitytoys #kidsactivitysheets #kidsactivityand
#youtube #youtuber #instagram #music #love #spotify #tiktok #follow #like #explorepage #youtubers #youtubechannel #gaming #twitch #video #instagood #hiphop #memes #viral #subscribe #gamer #rap #facebook #explore #ps #instagood  #art #soundcloud #k #artist #trending 
#bakingfromscratch #food #dessert #kidsbakingclass #kidscanbake #bakersofinstagram #littlebaker #baker #familytime #delicious #bakes #foodphotography #stayhome #kidbaking #kidscancook #childrenbaking #kidsfun #empowerkids #bakingclass #kidswhobake #instagood #easyrecipeforkids #kidsmade #kidsofinstagram #kidsenrichment #kidsapproved #momlife #kidslifeskills #eatandtreats #kidsbussines

#fatherday #father'sdaycard #father'sdaydrawing #father'sdaysong #father'sdaysermon #father'sday #father'sdaycardideas #father'sdaygiftideas #father'sdayvideo #father'sdaycardeasy #father'sdaygifts #father'sdayorigami #father'sdaycrafts #father'sdaymusic #fathersday 'sdayvideochurch #fathersdaysongs #fathersdaycrafts #fathersdaygiftidea #fathersdaysongsforchurch #fathersdaycard #fathersdaymessage #fathersdayideas #fathersdaysermon #fathersdayvideo #fatherdaykabhai #fathersdaypoem #fathersdaycraftseasy #fatherdaykabhai2023 #fathersdaygifts #fatherdayand #father'sdayandmother'sday #father'sdayandmother'sdaydate #father'sdayandbirthdaypraiseonjune #father'sdayandmother'sdaycard #father'sdayandbirthdaypraiseonjune19th2022 #father'sdayandmother'sdaysong 
#fatherdaycakeidea #fathersdaycakeideas #fatherbirthdaycakeideaseasy #father'sdaycakeideas #fatherdaycakeideaand #fathersdaycakeideaandsupportingdetails

 #4bahan #4ingredients #coklatball #coklatriceball #edisiniaga #chocolateballs #chocolateball #chocolateballsrecipe #bebolacoklat #chocoball #chocoballs #sweet #chocolate balls #kids #chocolateballsrecipeeasy #chocolateball #chocolateballs #chocolateballsrecipe #chocolateballssouthparkorchestra #chocolateballssouthpark #chocolateballoonbowls #chocolateballoon #chocolateballsforcakedecoration #chocolateballerinacompany #chocolateballcake #chocolateballpython #chocolateballsasmr #chocolateballswithbiscuits #chocolateballmeltingdessert #chocolateballdessert #chocolateballasmr #chocolateballmasterchef #chocolateballicecream #chocolateballjapanesecommercial #chocolateballcakerecipe #chocolateballwithmarshmallowsinside #chocolateballcakedecorations #chocolateballand #chocolateballandmilkasmr #chocolateballkaisebanaen #chocolateballmaking #chocolateballcakedesign #chocolateballeating  #dessert #fathersday",13785806,299645,,PT1M
3,H_CNqe2hifQ,People & Blogs,22,Gadgets Cool Home,"ğŸ¤© Smart Appliances, Gadgets For Every Home/ Versatile Utensils (Inventions & Ideas) #shorts",2023-06-20T08:47:21Z,"ğŸ¤© Smart Appliances, Gadgets For Every Home/ Versatile Utensils (Inventions & Ideas) #shorts

Other Videos
1) New Gadgets & Versatile Utensils For Home  - https://youtu.be/KNlPuByyG4Q

2) Smart appliances, Gadgets For Every Home - https://youtu.be/wKJZEp88KoI

#coolgadgets #gadgets #newgadgets #Appliances #newhomeitems #Smartitems #5minute #moderngadgets #appliances #latestfurinture #SpacesavingFurniture #Smarthouse #Smartgadgets #Newlnventions #Homdecor #Homeappliances #beautysupply #homdecor #kitchenutensils #Boongltimes #kitchentools #Future #Products #appliancesforeveryhome #Newlnventions #technology #kitchensupplies #utilitiesforeveryhome #Treandygadgets #UtensilssmaVideos #trends # Newnicegadgets #smarthomegadgets #toolitems #makeupkitchen
#beautyskincare #basket #artkopoint #artkogadgets  #GadgetsCoolHome

Thank You For Watching ğŸ˜˜",10783588,276959,,PT1M
4,jsHEo7_B2h0,People & Blogs,22,Dabur Honey,"100% Pure: Asli Honey, Dabur Honey I No Sugar Adulteration",2020-12-12T15:23:17Z,"Dabur Honey clears all 22 parameters of FSSAI testing, like IRMS for no sugar adulteration, SMR for zero sugar syrup adulteration and LCMS-MS/MS for antibiotics. It is also 100% locally sourced. Truly Indian, truly pure, there's nothing like your favourite Dabur Honey!",7904323,164,488,PT45S
5,cYMq3oH0ozU,People & Blogs,22,æ»‡è¥¿å°å“¥ Dianxi Xiaoge,ç¨»è‰çªçªé‡Œæ‚å‡ºçš„è‡­è±†è±‰ï¼Œåšæˆæ²¹è±†è±‰é±¼ï¼Œæå…¶ç¾å‘³ã€æ»‡è¥¿å°å“¥ã€‘,2018-09-03T08:00:05Z,"å®¶é‡Œæ¯å¹´éƒ½ç§ä¸€äº›é»„è±†ï¼Œé™¤äº†å¹³æ—¥é‡Œåšè±†è…å¤–ï¼Œä¼šç•™ä¸€äº›åˆ°äº†å†¬å¤©çš„æ—¶å€™åšè‡­è±†é¼“ï¼Œå°†é»„è±†æ³¡å‘ç…®è½¯åæ”¾ç¨»è‰å †é‡Œå‘é…µï¼Œæ‚å‡ºæ·¡æ·¡çš„è±†é¼“é¦™ï¼Œå°±å¯ä»¥ç›´æ¥åŠ è°ƒæ–™å‡‰æ‹Œï¼Œæ˜¯ä¸€é“ç‰¹è‰²çš„å‚£å‘³èœï¼Œä¹Ÿå¯ä»¥æ™’å¹²ååšæˆæ²¹è±†é¼“æˆ–è€…æ°´è±†é¼“ï¼Œè£…å›å­é‡Œå¯†å°å‚¨å­˜ï¼Œæ°´è±†é¼“æ˜¯æ–½ç”¸æœ€å…·æœ‰ä»£è¡¨æ€§çš„ç‰¹äº§äº†ï¼Œæˆ‘ä»¬ç»å¸¸ç”¨æ¥æ‹Œä¸€äº›è”¬èœï¼Œå°æ—¶å€™åœ¨å®¶é‡Œï¼Œåƒä¹ æƒ¯äº†ä¸è§‰å¾—ç¾å‘³ï¼Œåæ¥ç¦»å®¶è¿œäº†å´å¼€å§‹æƒ³å¿µè¿™æ·¡æ·¡çš„è±†é¼“é¦™ï¼Œä¹Ÿå¼€å§‹çˆ±åƒç”¨è±†é¼“åšçš„å¾ˆå¤šç¾é£Ÿï¼

å¤§å®¶å¥½ï¼æˆ‘æ˜¯æ»‡è¥¿å°å“¥ï¼Œä¸€ä¸ªåœ°é“çš„äº‘å—å¦¹å­ï¼Œå¦‚æœä½ å–œæ¬¢æˆ‘çš„è§†é¢‘ï¼Œè¯·æŒç»­å…³æ³¨æˆ‘çš„é¢‘é“ï¼Œ
æˆ‘ä¼šåœ¨ä¸åŒçš„å¹³å°åˆ†äº«æˆ‘çš„ç”Ÿæ´»ï¼Œä»¥åŠäº‘å—ç‰¹è‰²ç¾é£Ÿï¼Œç¥ä½ ä»¬å¤©å¤©å¼€å¿ƒï¼Œæ¯å¤©éƒ½æœ‰ç¾é£Ÿç›¸ä¼´ï½
YouTubeã€æ»‡è¥¿å°å“¥ Dianxi Xiaogeã€‘â–¶https://bit.ly/2MH1T5N
Facebookã€æ»‡è¥¿å°å“¥ Dianxi Xiaogeã€‘ â–¶https://bit.ly/2TsGflr
Instagramã€dianxixiaoge_apenjieã€‘â–¶https://bit.ly/2Wagkze

#æ»‡è¥¿å°å“¥ #DianxiXiaoge #Äiá»nTÃ¢yTiá»ƒuCa",3914964,36616,748,PT5M46S
6,XcY8mDiloKg,People & Blogs,22,Henry Hoops,Did A Pair A Sunglasses Ruin His NBA Career?,2022-03-02T18:45:41Z,"A Pair Of Sunglasses Might Have Cost LiAngelo His NBA Careerâ€¦ 

Back in 2015, the Ball brothers were an unstoppable force. 

In their only highschool year together they regularly blew out teams and won the state championship with a perfect 35-0 record.

Lonzo Ball was projected to be a NBA lottery pick and young LaMelo Ball was stunning teams with his ability and fearlessness. 

But it was actually LiAngelo Ball who led the team in scoring with 27 points per game. 

Everything was going according to Lavarâ€™s plan.


Follow For Content â¬‡ï¸â¬‡ï¸â¬‡ï¸
Instagram: @HenryJHoops
TikTok: @HenryHoops",2533719,213318,426,PT1M
7,tUc90mqXRuY,People & Blogs,22,ê¹€í”„ë¡œ KIMPRO,What's up ë‚¨ì˜íŒ” íŠœí† ë¦¬ì–¼,2023-07-22T05:40:11Z,"#ê¹€í”„ë¡œ #ìœ ë°±í•© #KIMPRO
ğŸ¯ContactğŸ€
DM : https://www.instagram.com/kimpro828/
E-mail : fm1778@naver.com",2383320,103812,626,PT15S
8,9oSuVb3_F2o,People & Blogs,22,Soy AHORA!,BAJO TIERRA! SE COSECHA EN SOLO 7 DÃAS!ğŸ˜®Cultivo de Supervivencia! Alto valor nutritivo! HUERTO,2020-06-26T19:00:11Z,"En este video te mostramos uno de nuestros comodines de supervivencia, un cultivo de alto poder nutritivo que se cosecha en solo 7 dÃ­as y se siembra bajo tierra. Es imprescindible en el Huerto y en la alimentaciÃ³n saludable.


UNDERGROUND! HARVEST IN JUST 7 DAYS! Survival Cultivation! High nutritional value! ORCHARD
In this video we show you one of our survival jokers, a highly nutritious crop that is harvested in just 7 days and planted underground. It is essential in the Garden and in healthy eating.

Suscribite al canal aquÃ­: https://www.youtube.com/c/SoyAhora

CONTACTOS:
Pagina en Facebook:
https://www.facebook.com/SoyAHORASoy/
Instagram:  https://www.instagram.com/ahoradana/

Si los videos te ayudan y quieres colaborar con el canal, 
Podes hacerlo con lo que sientas, 
desde Argentina en los siguientes links:
COLABORA CON $50 !!   http://cort.as/-NFbG
COLABORA CON $100 !!  ğŸ˜Š  http://cort.as/-NFbe
COLABORA CON $200 !! ğŸ˜  http://cort.as/-NFbx
COLABORA CON $500 !! ğŸ’ªğŸ˜ http://cort.as/-NFc6
COLABORA CON $1000 !! ğŸ’ªğŸ˜ http://cort.as/-NFcN

o de cualquier parte del Mundo!  haciendo click aquÃ­: https://www.paypal.me/SoyAHORASoy?locale.x=es_XC

QUERES COLLABORATES WITH THE CHANNEL?
You can collaborate with us, from anywhere in the World!
entering this page 
https://www.paypal.me/SoyAHORASoy?locale.x=es_XC",2296626,123106,2671,PT9M1S
9,5aT_ryRqwwE,People & Blogs,22,Perfect Snacks,Perfect Bar Makes Your Morning More Perfect,2019-10-07T20:56:10Z,"Gone are the days of struggling with your protein snacks, Perfect Snacks products are a creamy bite with crunchy bits of real fruit, nuts or chocolate. They're loaded with all the goodness you want, plus a cookie-dough texture you'll love.",1687480,273,56,PT31S
10,OcOt8euQ7Tg,People & Blogs,22,Pandit Pradeep Ji Mishra Sehore Wale,"Day - 01 ll à¤¶à¥à¤°à¥€ à¤¤à¤ª à¤¶à¤¿à¤µà¤®à¤¹à¤¾à¤ªà¥à¤°à¤¾à¤£ à¤•à¤¥à¤¾ ll à¤ªà¥‚à¤œà¥à¤¯ à¤ªà¤‚à¤¡à¤¿à¤¤ à¤ªà¥à¤°à¤¦à¥€à¤ª à¤œà¥€ à¤®à¤¿à¤¶à¥à¤°à¤¾ ll à¤®à¥ˆà¤¨à¤ªà¥à¤°à¥€, UP",2023-07-22T11:42:15Z,"Day - 01 ll à¤¶à¥à¤°à¥€ à¤¤à¤ª à¤¶à¤¿à¤µà¤®à¤¹à¤¾à¤ªà¥à¤°à¤¾à¤£ à¤•à¤¥à¤¾ ll à¤ªà¥‚à¤œà¥à¤¯ à¤ªà¤‚à¤¡à¤¿à¤¤ à¤ªà¥à¤°à¤¦à¥€à¤ª à¤œà¥€ à¤®à¤¿à¤¶à¥à¤°à¤¾ ll à¤®à¥ˆà¤¨à¤ªà¥à¤°à¥€, UP
Thanks For Watching. Please Do Leave Your Comments & Support By Clicking To Subscribe Button :- https://bit.ly/31wQKHR

                                               || à¤¶à¥à¤°à¥€ à¤¶à¤¿à¤µà¤¾à¤¯ à¤¨à¤®à¤¸à¥à¤¤à¥à¤­à¥à¤¯à¤‚ ||

à¤†à¤ª à¤¸à¤­à¥€ à¤•à¤¾ à¤¸à¥à¤µà¤¾à¤—à¤¤ à¤à¤µà¤‚ à¤…à¤­à¤¿à¤¨à¤¨à¥à¤¦à¤¨ à¤¹à¥ˆà¥¤ 
à¤ªà¤°à¤® à¤ªà¥‚à¤œà¥à¤¯ à¤ªà¤‚à¤¡à¤¿à¤¤ à¤ªà¥à¤°à¤¦à¥€à¤ª à¤œà¥€ à¤®à¤¿à¤¶à¥à¤°à¤¾ à¤•à¥‡ à¤¯à¥‚à¤Ÿà¥à¤¯à¥‚à¤¬ à¤šà¥ˆà¤¨à¤² à¤®à¥‡à¤‚ à¤ªà¤°à¤® à¤ªà¥‚à¤œà¥à¤¯ à¤®à¤¹à¤¾à¤°à¤¾à¤œ à¤¶à¥à¤°à¥€ à¤œà¥€   à¤¦à¥à¤µà¤¾à¤°à¤¾ à¤¶à¥à¤°à¥€ à¤°à¤¾à¤® à¤•à¤¥à¤¾, à¤¶à¥à¤°à¥€ à¤¶à¤¿à¤µ à¤®à¤¹à¤¾à¤ªà¥à¤°à¤¾à¤£ à¤•à¤¥à¤¾ à¤à¤µà¤‚ à¤¶à¥à¤°à¥€à¤®à¤¦à¥à¤­à¤¾à¤—à¤µà¤¤ à¤•à¤¥à¤¾ à¤•à¥‹ LIVE à¤¸à¥à¤¨à¤¨à¥‡ à¤•à¥‡ à¤²à¤¿à¤ à¤†à¤ª à¤¹à¤®à¤¾à¤°à¥‡ à¤‡à¤¸ YOU TUBE CHANNEL à¤•à¥‹ SUBSCRIBE à¤•à¤° à¤•à¥‡ BELL ICON à¤•à¥‹ à¤œà¤°à¥‚à¤° à¤¦à¤¬à¤¾ à¤²à¥‡à¤‚à¥¤  
à¤•à¥ƒà¤ªà¤¯à¤¾ à¤•à¤¥à¤¾ à¤à¤µà¤‚  à¤­à¤œà¤¨ à¤•à¥‹ à¤…à¤§à¤¿à¤• à¤¸à¥‡ à¤…à¤§à¤¿à¤• à¤¶à¥‡à¤¯à¤° à¤•à¤°à¥‡à¤‚ à¤”à¤° à¤²à¤¾à¤‡à¤• à¤•à¤°à¥‡à¤‚à¥¤
â–¬â–¬â–¬â–¬à®œÛ©ÛÛ©à®œâ–¬â–¬â–¬â–¬  
à¤ªà¤°à¤® à¤ªà¥‚à¤œà¥à¤¯ à¤®à¤¹à¤¾à¤°à¤¾à¤œ à¤¶à¥à¤°à¥€ à¤œà¥€ à¤¸à¥‡ à¤¸à¤‚à¤¬à¤‚à¤§à¤¿à¤¤ à¤•à¤¿à¤¸à¥€ à¤­à¥€ à¤ªà¥à¤°à¤•à¤¾à¤° à¤•à¥€ à¤œà¤¾à¤¨à¤•à¤¾à¤°à¥€ à¤•à¥‡ à¤²à¤¿à¤ à¤†à¤ª à¤¹à¤®à¤¸à¥‡ à¤¨à¥€à¤šà¥‡ à¤¦à¤¿à¤ à¤¹à¥à¤ à¤¸à¤‚à¤ªà¤°à¥à¤• à¤¸à¥‚à¤¤à¥à¤°à¥‹à¤‚ à¤ªà¤° à¤¸à¤‚à¤ªà¤°à¥à¤• à¤•à¤°à¥‡à¤‚à¥¤
(7000712991 - 8602351355)
 â–¬â–¬â–¬â–¬à®œÛ©ÛÛ©à®œâ–¬â–¬â–¬â–¬   
Don't forget to LIKE, COMMENT & SHARE this video. To Listen More Devotional Songs (Bhajan) Of #Pandit_Pradeep_Ji_Mishra (Sehore Wale). Please SUBSCRIBE Our Channel. #Vitthlesh_Seva_Samiti
â–¬â–¬â–¬â–¬à®œÛ©ÛÛ©à®œâ–¬â–¬â–¬â–¬
FACEBOOK PAGE :- https://www.facebook.com/Pandit-pradeep-mishra-1769113166643168/

YouTube & Facebook Live Contact :- 7000712991 :: 8602351355
â–¬â–¬â–¬â–¬à®œÛ©ÛÛ©à®œâ–¬â–¬â–¬â–¬  
Digital Team By :- Vitthalesh sewa samiti (sehore)

Subscribe Us :- https://bit.ly/31wQKHR",1224606,35976,1628,PT3H3M26S
11,w7prYYgah2g,People & Blogs,22,Troom Oki Toki,How to Sneak Food Anywhere You Go,2020-09-18T18:00:14Z,"Subscribe Here: https://www.youtube.com/channel/UChkZElwBp90FQHJZwmhBPxA?sub_confirmation=1   
Hot vs Cold Challenge / Girl on Fire vs Icy Girl: https://youtu.be/funTG2D_O7M?list=PLf9zBh0cG9jqqwTz6DtHKGVde8hgohUKH&playnext=1
Not sure how to take your favorite food anywhere? With our life hacks, you can easily cope with this.

FollowOkiToki: 
Subscribe: https://www.youtube.com/channel/UChkZElwBp90FQHJZwmhBPxA?sub_confirmation=1 
Instagram: https://www.instagram.com/theokitoki/ 
Facebook: https://www.facebook.com/okitokivideo/  

Oki Toki Russian: 
Subscribe: https://www.youtube.com/channel/UCF_LN8QOT93JfSFBRy2swIw?sub_confirmation=1  

About Oki Toki: 
Crafts, life hacks and more! 

For any business enquires please contact me at: okitoki.video@gmail.com  

Question of the Day: what weird life hacks youâ€™ve ever encountered? Comment Below! 

Donâ€™t forget to turn on notifications, like, & subscribe!",1174971,9995,187,PT10M24S
12,vOZSkiv6HgY,People & Blogs,22,Dabur Honey,Trusted for four decades by Indians l Pure and locally sourced l Check your purity certificate,2020-12-18T12:30:37Z,"#Bengali
Dabur Honey clears all 22 parameters of FSSAI testing, like IRMS for no sugar adulteration, SMR for zero sugar syrup adulteration and LCMS-MS/MS for antibiotics. It is also 100% locally sourced. Truly Indian, truly pure, there's nothing like your favourite Dabur Honey!
For more info or to check the purity reports for your Dabur Honey pack, Whatsapp us on 4071781666 or log on to daburhoney.com",1098923,12,12,PT1M
13,bkndySR8Flo,People & Blogs,22,Sourav Joshi Vlogs,Road Faat Gaya ğŸ˜³ Very Dangerous,2023-07-23T02:30:17Z,"Follow me on Instagram- https://www.instagram.com/souravjoshivlogs/?hl=en
 
I hope you enjoyed this video

hit likes.
And do subscribe to my channel

Thank you so much for watching

god bless you all.
lots of  â¤ï¸

( For Collaboration - officialsouravjoshivlogs@gmail.com",1332705,173496,5477,PT9M4S
14,bBSse4yTcPY,People & Blogs,22,Elvish Yadav Vlogs,Elvishâ€™s Last Message For You All â¤ï¸,2023-07-22T07:16:10Z,"FOLLOW MY SOCIAL MEDIA HANDLES

INSTAGRAM-   â€‹â€‹â€‹https://instagram.com/elvish_yadav?igshid=YmMyMTA2M2Y=

FACEBOOK. -   â€‹â€‹https://www.facebook.com/theindianviner?mibextid=LQQJ4d

TWITTER-        â€‹â€‹â€‹â€‹â€‹â€‹â€‹â€‹â€‹https://mobile.twitter.com/ElvishYadav

Elvish Yadav Foundation - instagarm.com/elvishyadavfoundation

Snapchat - elvishyadav

Telegram - https://t.me/+UfaeNFvR8U02MjY1",1095297,136791,5679,PT10M15S
15,tQSbCnpl4hc,People & Blogs,22,Unspeakable,"$100,000 Secret Hiding Spot You'd Never Find!",2023-07-22T15:00:43Z,"Conquer with Greece. Rise to Greatness. Download Rise of Kingdoms: https://bit.ly/GreeceRoK_Unspeakable
Join the amazing Civilization Clash Event: https://www.rok.games/?kol=Unspeakable, vote for the most powerful civilization, Britain of course, win amazing awards like Apple Vision Pro, Sony PS5 and Nintendo Switch OLED!
Use promo code GREECE4ROK and get 20 SILVER KEYS! #sponsored

SHOP NOW - https://www.unspeakable.com/

MORE VIDEOS! - https://www.youtube.com/channel/UCet_y01v87pE7MPGikjTQQw

FOLLOW ME! - https://www.unspeakable.com/pages/links

PLEASE leave a like & subscribe this video was expensive!! THANK YOU! I love tacos",910525,18087,2899,PT44M3S
16,eu9xeWdCm0g,People & Blogs,22,é¾™æ¢…æ¢…Longmeimei,I Braved the Sweltering Heat to the mountains! This Special Plant is Both Medicinal and Food!,2021-08-07T10:30:05Z,"Lily has always been elegant, clean, immaculate, fresh and refined. There are many varieties of lilies, some of which are used for medicinal purposes. The lilies I dug this time are planted Longshan lilies that are both medicinal and food. They can be eaten in summer to relieve heat.

#lily #longmeimei #lilies",798065,13339,407,PT9M27S
17,U8QAVRfXcCk,People & Blogs,22,Gotcha!,Playing Squid Game in Real Life! How to Sneak Food into Squid Game by GOTCHA!,2022-03-04T15:45:00Z,"Hey Gotchers! Have you guys tried playing Squid Game in real life? How would you sneak food past those red, scary guards? Check how it worked out for our challengers and enjoy these funny food hacks by Gotcha!

If you enjoyed this video, you might also like â€œRich Mom vs Broke Mom | Funny Relatable Situations by GOTCHA!â€ https://youtu.be/kbT-kKezXjg 

Subscribe to Gotcha: https://www.youtube.com/channel/UCtxqQnLgj-1rAVtjpSgPS5A/featured?sub_confirmation=1

Love the music used in this video? We find our music on EpidemicSound: https://bit.ly/2JcUlBa

The Producers and Creatives do not make any representation or warranty in regards to the accuracy, applicability or fitness of the contents of this video. This video was made strictly for entertainment and informational purposes only. If you wish to apply ideas in this video, you are taking full responsibility for your actions. Producers and Creatives of this video are not held liable for any damage or loss arising from the use of this video material. All products and company names shown in this video are trademarksâ„¢ or registered trademarksÂ® of their respective holders. Use of them does not imply any endorsement by them.


Subscribe to Gotcha!:
Gotcha! Hindi:
https://www.youtube.com/channel/UCccw7FMUjzDEXvYDtjLt_HA?sub_confirmation=1
Gotcha! Spanish:
https://www.youtube.com/channel/UC7TEeHzDxPZoO__57KDqv_Q?sub_confirmation=1
Gotcha! Portuguese:
https://www.youtube.com/channel/UCTX9lnVZFZLgasC434d2xkw?sub_confirmation=1
Gotcha! Arabic:
https://www.youtube.com/channel/UCubxZ5Kb8fqzWd447lCbxew?sub_confirmation=1
Gotcha! Indonesian:
https://www.youtube.com/channel/UCn4YlYeuIjEziMtkU3z8QGA?sub_confirmation=1


Top Gotcha! Playlists:
Sneak:
https://www.youtube.com/watch?v=Tdmii6yPktI&list=PLKCTMugAba115EY936l6jmqVpwDuyf2rX
Food:
https://www.youtube.com/watch?v=XWpfxfTuTiI&list=PLKCTMugAba13mxrRPvAYUa83WXKKBH86_ 
Challenges:
https://www.youtube.com/watch?v=HbTNE03dzdE&list=PLKCTMugAba10HP2EaTJRhqzuFiXi684jx
Funny & Relatable Situations:
https://www.youtube.com/watch?v=rddoGRe2Io4&list=PLKCTMugAba13arcI74RAyxBI95A4RxO-M
Back To School:
https://www.youtube.com/watch?v=g1SLarUpLUg&list=PLKCTMugAba12ZFBSaHsdSfsYqDrMJUpIS


For sponsored content, contact us at gotcha@boredpanda.com


#SquidGame #Food #GOTCHA",707683,3770,45,PT15M45S
18,iP-lrwU2m20,People & Blogs,22,Matt & Abby,When you're uncomfortable from being pregnant for 9 months #shorts,2023-07-22T13:13:16Z,,680214,58573,182,PT11S
19,RiueUo5tOEs,People & Blogs,22,Alle Rezepte,"Ich werde nie mÃ¼de, dieses kÃ¶stliche und einfache HÃ¤hnchenbrustrezept zum Abendessen zuzubereiten.",2022-01-21T17:03:36Z,"Ich werde nie mÃ¼de, dieses kÃ¶stliche und einfache HÃ¤hnchenbrustrezept zum Abendessen zuzubereiten.

Dieses Abendessen-Rezept ist unglaublich lecker geworden. Kochen Sie mit mir und sagen Sie mir, wie es Ihnen schmeckt. Sag mir, in welchem Land du meinen Kanal schaust und meine Rezepte kochst. Welche Rezepte haben Sie geÃ¤ndert oder hinzugefÃ¼gt? Ich mag es zu wissen, dass in verschiedenen LÃ¤ndern der Welt, irgendwo weit weg von mir, jemand mein Rezept zubereitet. Das ist groÃŸartig!


Rezept und Zutaten

6 Kartoffeln.
Kochen bis fertig.
Salz.
1 Birne.
OlivenÃ¶l.
Die Zwiebel goldbraun anbraten.
7 Champignons.
Zwiebel hinzufÃ¼gen. Spinat 150 gr
Schlagsahne 250 ml.
Mach das Feuer aus.
Parmesan 1 EL
100 ml zu gekochten Kartoffeln geben. Milch.
Butter 50 ml.
Machen Sie ein PÃ¼ree.
HÃ¼hnerbrust.
Salz.
Pfeffer.
SemmelbrÃ¶sel.
OlivenÃ¶l.
Braten Sie die BrÃ¼ste auf beiden Seiten an.
OlivenÃ¶l.
GieÃŸen Sie das PÃ¼ree in die Form.
Mozzarella.
Im Ofen / 200C / 400F / 15 Minuten /.

Ich hoffe, Sie genieÃŸen alle Rezepte, Sie kÃ¶nnen sie mit Ihren Freunden in sozialen Netzwerken teilen und mir Ihre Fragen schreiben oder einfach ein Emoticon hinzufÃ¼gen. Dies ist sehr wichtig fÃ¼r die Entwicklung meines Kanals

https://www.youtube.com/channel/UCGNuHc3p2V4OSr1VbvCCwvg

#alle_rezepte
#rezept 
#rezepte

En.

The tastiest chicken breast. I never tire of making this delicious and easy dinner recipe.

This dinner recipe turned out incredibly delicious. Cook with me and tell me how you like it. Tell me in which country you watch my channel and cook my recipes. What recipes have you changed or added? I like knowing that in different countries of the world, somewhere far away from me, someone is preparing my recipe. That's great!


recipe and ingredients

6 potatoes.
Cook until done.
Salt.
1 pear.
Olive oil.
Fry the onion until golden brown.
7 mushrooms.
Add onion. Spinach 150 gr
whipped cream 250 ml.
turn off the fire
Parmesan 1 tbsp
Add 100 ml to boiled potatoes. Milk.
butter 50ml
Make a puree.
Chicken breast.
Salt.
Pepper.
breadcrumbs.
Olive oil.
Sear the breasts on both sides.
Olive oil.
Pour the puree into the mold.
Mozzarella.
In the oven / 200C / 400F / 15 minutes /.

I hope you enjoy all the recipes, you can share them with your friends on social networks and write me your questions or just add an emoticon. This is very important for the development of my channel

https://www.youtube.com/channel/UCGNuHc3p2V4OSr1VbvCCwvg

Fr.

La poitrine de poulet la plus savoureuse. Je ne me lasse pas de faire cette dÃ©licieuse et facile recette de dÃ®ner.

Cette recette de dÃ®ner s'est avÃ©rÃ©e incroyablement dÃ©licieuse. Cuisinez avec moi et dites-moi comment vous l'aimez. Dites-moi dans quel pays vous regardez ma chaÃ®ne et cuisinez mes recettes. Quelles recettes avez-vous modifiÃ©es ou ajoutÃ©es ? J'aime savoir que dans diffÃ©rents pays du monde, quelque part loin de chez moi, quelqu'un prÃ©pare ma recette. C'est gÃ©nial!


recette et ingrÃ©dients

6 pommes de terre.
Cuire jusqu'Ã  cuisson complÃ¨te.
Le sel.
1 poire.
Huile d'olive.
Faire revenir l'oignon jusqu'Ã  ce qu'il soit dorÃ©.
7 champignons.
Ajouter l'oignon. Ã‰pinards 150 gr
crÃ¨me fouettÃ©e 250 ml.
Ã©teindre le feu
Parmesan 1 cuillÃ¨re Ã  soupe
Ajouter 100 ml aux pommes de terre bouillies. Lait.
beurre 50ml
Faire une purÃ©e.
Poitrine de poulet.
Le sel.
Poivre.
chapelure.
Huile d'olive.
Saisir les poitrines des deux cÃ´tÃ©s.
Huile d'olive.
Verser la purÃ©e dans le moule.
Mozzarella.
Au four / 200C / 400F / 15 minutes /.

J'espÃ¨re que vous apprÃ©cierez toutes les recettes, vous pouvez les partager avec vos amis sur les rÃ©seaux sociaux et m'Ã©crire vos questions ou simplement ajouter une Ã©moticÃ´ne. C'est trÃ¨s important pour le dÃ©veloppement de ma chaÃ®ne

https://www.youtube.com/channel/UCGNuHc3p2V4OSr1VbvCCwvg",655527,8532,212,PT8M5S
20,pZRci4NRjq0,People & Blogs,22,PaulStrikerENG,5 Times When Paddy Pimblett SHOCKED The MMA World!,2022-07-18T18:00:07Z,"Don't forget to subscribe!
============================================
#paddypimblett #pimblett #ufc
============================================
Good day, dear friends, Irbis with you again and you are back on the channel ""SnowLeopardMMA"". Enjoy watching ;)
============================================
00:00 - START
01:06 - ALEXIS SAVVIDIS 
03:30 - JOHNNY FRACHEY
05:55 - DAVIDE MARTINEZ  
07:41 - LUIGI VENDRAMINI
10:43 - RODRIGO VARGAS
13:32 - END OF VIDEO
============================================
Patrick Pimblett (born 3 January 1995) is an English mixed martial artist who currently competes in the lightweight division of the Ultimate Fighting Championship (UFC).[4][5] A professional since 2012, he is a former Cage Warriors Featherweight Champion.[6]
5 Times When Paddy Pimblett SHOCKED The MMA World!",555119,4472,350,PT14M17S
21,OrRvF3BZPqA,People & Blogs,22,P&N Homemade,Shirt 2 Ways to Wear ğŸ˜ Sewing this shirt is so easy and practical!,2022-04-12T12:33:21Z,"Shirt 2 Ways to Wear ğŸ˜ Sewing this shirt is so easy and practical!
You don't have to be a tailor!  Sewing clothes this way is quick and easy
---
Hope you guys enjoy my video,
Don't forget to LIKE the video, SHARE with your friends and SUBSCRIBE to my channel to support me!
Thanks everyone,
Wish you the best!
ğŸ˜˜ğŸ˜˜ğŸ˜˜ from P&N homemade 
---
INSTAGRAM: https://www.instagram.com/MiaSewingDIY
TIKTOK: https://www.tiktok.com/@MiaSewing
FACEBOOK: https://www.facebook.com/MiaSewingDIY
PINTEREST: https://www.pinterest.com/MiaSewing
TWITTER: https://twitter.com/MiaSewing
---
Shirt 2 Ways to Wear ğŸ˜ Sewing this shirt is so easy and practical!",547862,13215,212,PT11M11S
22,6CaM3SEdpRM,People & Blogs,22,"Rupa,pin2,khushi express",Kaha Kebe Sajibu Tu Mo Ghare Rani | New Odia Full Music Video | Rupa Pin2,2023-07-23T01:27:55Z,"Rupa Pin2 Khushi Express Presents New Odia Music Video Song Kaha Kebe Sajibu Tu Mo Ghare Rani Full Video

Video Credits:-
Staring - Rupa Pintu & All Team
Directer - Anil Kumar
Producer - Rupa & Pintu
D.O.P - Jagu Rokey
Edit - Ranjan Khatei
Channel Management - Sanjay
Special thanks - Prayash, Happy,Utkal, Manoj, Prashanta,..
Channel Partner - Arun Suna Express

Song Credit:-
Singer - Bishnu Mohan Kabi, Antara Chakraborty 
Lyrics - Pramod Parida
Music - Biraja Prasad
Rec. & Mix. - Mrr Studio, CTC

#rupapin2marriage
#rupapintukhusiexpress 
#bishnumohan
#antara
#rupapintukhushi 
#birajapramod
Rupa Pin2 new Odia album video, Rupa Pin2 Khusi New album video, Rupa Pin2 Khusi new music video",570915,95605,8575,PT4M44S
23,jGPSfN-kvF0,People & Blogs,22,Familia Diamond,Telling My KIDS I'm PREGNANT! *Emotional*,2023-07-22T14:00:34Z,"Can you guess what the kid's reactions were? Like This Video If You Want To See The House Tour! â™¡ Subscribe and be a ğŸ’ so youâ€™ll never BREAK!!! âœ http://bit.ly/SubFamiliaDiamond

Watch our Latest Uploads âœ https://youtu.be/amSaXqLXI-o
KIDS TURN 21 YEARS OLD âœ https://youtu.be/ZhI4inT-1RU
SCARY WATER PARK ACCIDENT!!! âœ https://youtu.be/F79pbS6IIi4
Throwing a Dart at a MAP âœ https://youtu.be/xvlUj3sv7zE

PRANKS http://bit.ly/PranksPlaylistFamD
CHALLENGES http://bit.ly/ChallengesPlaylistFamD
VLOGS http://bit.ly/VlogsPlaylistFamD
POPULAR UPLOADS http://bit.ly/PopularPlaylistFamD 

âœ­ Stay connected with us! âœ­
https://www.instagram.com/txunamy/
https://www.instagram.com/rangerortiz/
https://www.instagram.com/diezelortiz/
https://www.instagram.com/solageortiz/
https://www.instagram.com/esthalla/
https://www.instagram.com/sdiezzel/

ğŸ’ Hey Diamonds ğŸ’ Welcome to our channel where we post every Wednesday & Saturday, sometimes Sunday or Monday! You may already know us from Musically (TikTok now!) and Instagram. Our family includes Sdiezzel, Esthalla, Txunamy, Diezel, Solage, and our newest member of the family, Baby Ranger! Subscribe to be a part of our family and turn on the notifications bell to never miss a video! We hope you join this journey with us! Xoxo

Familia Diamond: https://www.youtube.com/c/FamiliaDiamond

If you read this far down the description We LOVE YOU ğŸ’•",550354,19081,1796,PT13M8S
24,gmIv41_kpLc,People & Blogs,22,TVJ,"Mga Friends ni Maine, naglaro sa Gimme 5! | GIMME 5 | E.A.T | July 22, 2023",2023-07-22T11:00:25Z,"Make sure to follow us on our LEGIT social media accounts, mga Dabarkads!

FACEBOOK:
@tvjofficial

INSTAGRAM:
@tvjofficial

TIKTOK:
@officialtvj

TWITTER:
@Official_TVJ",532447,9036,765,PT45M26S
25,ad7G7sPy8q4,People & Blogs,22,Sambhavna Seth Entertainment,YOUTUBE India INVITED us for LUNCHâ¤ï¸,2023-07-22T06:46:07Z,"For any queries or feedback please mail us to sambhavnasethentertainment@gmail.com

Gears we use for vlogging :-
Canon 80d camera - https://amzn.to/3cfyBGb
Canon 80d extra battery  - https://amzn.to/3uQNOnv
Canon 80d extra charger-  https://amzn.to/3ifFT0G
Best vlogging lens for Canon 80d  - https://amzn.to/3vOxXaD
Canon 80d Lens for cinematic shots - https://amzn.to/3iap4nP
Best vlogging camera Canon G7x iii - https://amzn.to/2S9W5pk 
Extra battery for Canon G7x iii - https://amzn.to/3petYkY
Extra charger for Canon G7x iii - https://amzn.to/3uPfZ6m
Sony Vlogging camera - https://amzn.to/3g785jn
Vlogging mic - https://amzn.to/3ceKEUi
Collar mic - https://amzn.to/3cepZQp
Sandisk memory card 128gb - https://amzn.to/34Lb63E
Gorilla tripod for G7x iii and Phone - https://amzn.to/3ySxwOt
Gorilla tripod for Canon 80d - https://amzn.to/34JZa24
Macbook air - https://amzn.to/3glunyj
Iphone 12 pro max for slow motion - https://amzn.to/2STtKUe
Ring light - https://amzn.to/3fKL3ju



Follow me on :- 
YouTube :- http://bit.ly/SambhavnaSethEntertainment
FacebooK :- https://www.facebook.com/ImSambhavnaSeth
Twitter :- https://twitter.com/sambhavnaseth
Instagram :- https://www.instagram.com/sambhavnasethofficial

Follow AVINASH:-
Instagram - https://www.instagram.com/imavinashdwivedi
Youtube - https://www.youtube.com/c/avinashdwivediartist

Music by Peyruis : https://youtube.com/@Peyruismusic
or
Music by Peyruis : https://soundcloud.com/peyruis",517931,36204,1080,PT15M26S
26,dd66gXQGJSo,People & Blogs,22,Prima AFP,Â¡Pepo se registrÃ³ en AhorroYa!  Â¿Ahora Juanjo le prestarÃ¡ el carro,2021-10-01T18:04:45Z,"Gracias al programa AhorroYa! de Prima AFP, ahora Pepo tambiÃ©n le echa gasolina al auto de Juanjo porque sabe que sus consumos en Repsol, tambiÃ©n le permiten ahorrar ğŸ™Œ. Te contamos mÃ¡s en este capÃ­tulo de #ElDepa ğŸ‘‰ https://www.youtube.com/watch?v=Dm2vIsyW4nw

Beneficio en combustible en las estaciones de servicio de gestiÃ³n directa de Repsol. La cuenta de aportes voluntarios sin fin previsional de Prima AFP es embargable y estÃ¡ afecta al impuesto a la renta y a una comisiÃ³n de acuerdo al saldo administrado segÃºn el tipo de fondo: Fondo 1: 0.10% mensual, Fondo 2: 0.13% mensual y Fondo 3: 0.16% mensual.",510225,39,4,PT16S
27,oWGejW3KxrI,People & Blogs,22,LIV Music,Harshita à¤•à¥‡ Song à¤¨à¥‡ Himesh à¤•à¥‹ à¤•à¤° à¤¦à¤¿à¤¯à¤¾ Emotional! | Superstar Singer | Full Episode | Season 2,2023-07-21T13:00:42Z,"Click here to Subscribe to LIV Music: https://www.youtube.com/channel/UCuJ9tGkTBb7mBFFZW_N94lA?sub_confirmation=1 

Sit back & watch your favorite performances in one take. These clips are specially curated from Superstar Singer Season 2. Here are the most loved and thus the best of the show!

Show Name â€“ Superstar Singer 
Judges â€“ Alka Yagnik, Himesh Reshammiya, Javed Ali
Host â€“ Aditya Narayan 


Song â€“ Aap Ki Nazron Ke Samjha, Tuta Tuta Ek Parinda, Piyu Bole, Salona Sa Sajan Hai Aur Main Hoon, Betaab Dil Ki Tamanna Yehi Hai, Khamoshiyan, Tera Mujhse 
Singer -  Lata Mangeshkar, Kailash Kher, Asha Bhosle
Music Director -  Madan Mohan
Lyricist - Raja Mehdi Ali Khan

#superstarsinger #superstarsinger #livmusic #à¤¸à¥à¤ªà¤°à¤¸à¥à¤Ÿà¤¾à¤°à¤¸à¤¿à¤‚à¤—à¤°2 #alkayagnik #javedali #himeshreshammiya 
About Superstar Singer : 
----------------------------------------------------------------
Join us in finding the Superstar singer - Singing Ka Kal

Click here to enjoy all the performances from the 'Superstar Singer': 
https://studio.youtube.com/playlist/PLGbUg3BBnPYBQSzrChvvpMXca9uWTtnsS/edit

Harshita à¤•à¥‡ Song à¤¨à¥‡ Himesh à¤•à¥‹ à¤•à¤° à¤¦à¤¿à¤¯à¤¾ Emotional! | Superstar Singer | Full Episode | Season 2",513186,3744,57,PT43M8S
28,1vFQUH9PYBY,People & Blogs,22,RECORD BREAKING HUNTER,Hunting for Barbary Sheep and Beceite Ibex,2021-01-14T17:59:21Z,"Adventure Hunting for Barbary Sheep and Beceite Ibex
Hunting in Spain | Record Breaking Hunter | Mountain Hunting

Adventure Spain! Hunting for Barbary Sheep and Beceite Ibex. On the trail of the Record Breaking Hunter. Follow our track. 

Hunting for Barbary Sheep and Beceite Ibex was an adventure mountain hunting trip in Spain. Stay tuned with Record Breaking Hunter to live the hunter life. Follow our track and enjoy the Barbary Sheep and the Beceite Ibex hunt.

Barbary Sheep and Beceite Ibex Hunting episode is gonna give you so much thrill. Watch till the end for the perfect shots. It is worth watching. 

If you like the Barbary Sheep and the Beceite Ibex Hunting video then please subscribe to our channel for more. 
https://www.youtube.com/channel/UC_IWJSGwo9Lg43Pk9HwGU7A

Please Like, Share, and Subscribe Record Breaking Hunter. 

Thanks for watching. 

#BarbarySheepHunting #MÃ¤hnenschaf #BeceiteIbexHunting 
#RondaIbexHunting #SouthEasternIbexHunting #Granada #Spain #SpainAdventure#HuntingforSouthEasternIbex #HuntingforRondaIbex
#duckhunting #wingshooting #ducks #Beretta #Piotti #Entenjagd #TreibjagdaufEnten
#schwarzwildfieber #wildboarfeaver #Schwarzwild #europeanoutfitting #huntGeo #redstag #Rothirsch #drivenhunt #Treibjagd
#HuntforGobiIbex #HuntforHangaiIbex #GobiIbex #HangaiIbex #HuntingGobiIbex #HuntingHangaiIbex
#HuntingAltaiIbex #AltaiIbex #AltaiArgaliHunt #AltaiArgali #GobiArgaliHunt #GobiArgali #Mongolia #Mongolei #Altaigebirge #AltaiMountains #GobiDesert #HuntinginMongolia 
#GredosIbex #CantabrianChamois #Chamoishunt #Ibexhunt #Steinbockjagd #Spanien #spain #Kryptek #Zamberlan #EuropeanOutfitting #GreatEuropeanHunts
#BezoarIbexHunting #BezoarIbex #KonyaSheepHunting #KonyaSheep #TurkeyHunting #Turkey #TÃ¼rkei #Pamiribex #Pamirsteinbock #MattisonArgali #Wildsheep #Ibex #Pamir #Pamirgebirge
#recordbreakinghunter #jagd #jakt #exklusivejagden #ammon_ammom_75 #exclusivehunts  #redrockprecision #huskemawoptics #kuiu #westfaliajagdreisen #derfilmfuchs #28nosler #chasse #abenteuerjagd #longrangeshooting #hunting #cazar #jage #hunt #sheephunting #ibexhunting #adventurehunt #outdoorhunting #outdoorsman #swarovski #zamberlan #kestrel #rangefinder #episode1 #nature #lov #adventure #Ø´Ú©Ø§Ø± Ù…Ø§Ø±Ú©ÙˆØ±-- #ÑˆĞ¸ĞºĞ¾Ñ€Ğ¸Ğ¼Ğ°Ñ€ĞºÑ…Ğ¾Ñ€ #ĞÑ…Ğ¾Ñ‚Ğ°Ğ½Ğ°ĞœĞ°Ñ€Ñ…Ğ¾Ñ€Ğ° #é©¬å…‹éœå°”Â·äº¨ç‰¹ #horç«ç‹©çµ #Ğ¾Ñ…Ğ¾Ñ‚Ğ°Ğ½Ğ°Ğ¼Ğ°Ñ€Ñ…Ğ¾Ñ€Ğ° #ç‹©çµ #Ğ¾Ñ…Ğ¾Ñ‚Ğ° #ÑˆĞ¸ĞºĞ¾Ñ€ĞºĞ°Ñ€Ğ´Ğ°Ğ½ #Ø´Ú©Ø§Ø±Ú©Ø±Ø¯Ù† #avlanmak #ç‹©çµ#ç‹©çŒ #å†’é™© #å†’éšª #macera #ÑĞ°Ñ‘Ò³Ğ°Ñ‚ #Ğ¿Ñ€Ğ¸ĞºĞ»ÑÑ‡ĞµĞ½Ğ¸Ğµ #Ğ´Ğ°Ğ»ÑŒĞ½Ğ¸Ğ¹ ÑÑ‚Ñ€ĞµĞ»Ğ¾Ğº #langafstand shooter #è¿œç¨‹å°„æ‰‹ #ÑÑ‚Ñ€ĞµĞ»Ğ°Ñ†Ğ´ÑƒĞ³Ğ¾Ğ³Ğ´Ğ¾Ğ¼ĞµÑ‚Ğ°
#precision #PrÃ¤zision #MarcoPolo #MarcoPoloHunting #mountainhunting #recordbreakinghunter #thehuntinglife #longerangeshooter #Ğ´Ğ°Ğ»ÑŒĞ½Ğ¸Ğ¹ÑÑ‚Ñ€ĞµĞ»Ğ¾Ğº  #è¿œç¨‹å°„æ‰‹ #ÑÑ‚Ñ€ĞµĞ»Ğ°Ñ†Ğ´ÑƒĞ³Ğ¾Ğ³Ğ´Ğ¾Ğ¼ĞµÑ‚Ğ° #é©¬è’‚æ£®é˜¿åŠ åˆ© #ĞœÑÑ‚Ğ¸ÑĞ¾Ğ½ĞÑ€Ğ³Ğ°Ğ»Ğ¸ #ë©”ì´ìŠ¨ì•„ë¥´ê°ˆë¦¬ #ĞœĞ°Ñ‚Ğ¸ÑĞ¾Ğ½ĞÑ€Ğ³Ğ°Ğ»Ğ¸ #derfilmfuchs #outdoorhunting #outdoorsman #swarovski #rangefinder #episode3 #adventure #hunterslife",503014,2487,,PT14M36S
29,eR-qgkzjEOc,People & Blogs,22,Chetan Monga Vlogs,Kanjoos dad ab bhukhad bhi hogya haiğŸ˜‚ #chetanmonga #comedy #shorts,2023-07-22T08:40:00Z,,514779,41836,191,PT54S
30,uk48Ff2lzS8,People & Blogs,22,Luseeyalu,Hehehhe my foot was okay hahahaha,2023-07-22T15:03:08Z,,506467,58423,324,PT8S
31,-Py5lHm9h-A,People & Blogs,22,Shark Tank India,à¤¯à¥‡ Bike Bags à¤•à¤¿à¤¸à¥€ à¤­à¥€ Bike à¤ªà¤° Fit à¤¹à¥‹ à¤¸à¤•à¤¤à¥‡ à¤¹à¥ˆà¤‚ | Interesting Moment,2023-07-22T12:45:00Z,"Click here to subscribe: https://www.youtube.com/c/sharktankindia

Follow us on:
Instagram: https://www.instagram.com/sonypicturestvindia/
Facebook: https://www.facebook.com/SonyPicturesTelevisionIndia

#SharkTank #sharktankindia #Business #India #Sharks #Entrepreneur #Investment #Idea #Money #Profit #Loss #AmanGupta #NamitaThapar #VineetaSingh #PeyushBansal #AnupamMittal #AmitJain",490127,38262,28,PT46S
32,uQ4nASK4PHk,People & Blogs,22,Looper EspaÃ±ol,La Verdad Sobre Los Caminantes De The Walking Dead,2021-04-09T17:00:21Z,"Aunque no puedan hablar, los zombis de The Walking Dead definitivamente tienen una historia. Desde las decisiones de producciÃ³n hasta el maquillaje y el argumento, esta es la verdad sobre esos misteriosos caminantes.

Los caminantes en The Walking Dead son una amenaza presente para todos los personajes de la serie, pero son relativamente manejables. Desde el principio de la serie se establece que los caminantes se adhieren generalmente a los tropos clÃ¡sicos. 

Por ejemplo, las hordas de zombis normalmente se desplazan caminando. AdemÃ¡s, a pesar de que las mordeduras de los zombis hacen que las vÃ­ctimas se conviertan en muertos vivientes, hay soluciones a este dilema, como cuando Rick pudo evitar que Hershel se convierta cortÃ¡ndole la pierna por encima de la mordedura del zombi.

Al convertirse en un caminante, una persona pierde casi todos los restos de su antiguo ser. Los zombis no pueden pensar como los no infectados, y aunque pueden recordar cosas pequeÃ±as como la forma de abrir puertas, eso es todo. Les mueve un hambre insaciable por la carne de los seres vivos, un impulso que solo puede ser sofocado destruyendo el cerebro del caminante.

Reglas de los muertos vivientes | 0:00
OrÃ­genes desconocidos | 1:08
El experto en zombis | 2:18
Caminantes de la primera temporada | 3:10
Grandes cantidades de sangre | 4:26
Pruebas de cÃ¡mara | 5:29
EvoluciÃ³n de los efectos especiales | 6:22
El clima de Georgia | 7:07
El lÃ­mite de la descomposiciÃ³n | 8:31
Sin ficciÃ³n zombi | 9:38
Por quÃ© son delgados | 10:28
Diferentes nombres | 11:46

Lee El ArtÃ­culo Completo (en Ãngles): https://www.looper.com/313783/the-untold-truth-of-the-walking-deads-walkers/",482665,11666,627,PT12M44S
33,-6XgYQCVnZM,People & Blogs,22,Nilu's kitchen ğŸ‘©,à¤®à¥‡à¤¥à¥€ à¤ªà¤°à¤¾à¤ à¥‡ à¤¤à¥‹ à¤•à¤ˆ à¤¬à¤¾à¤° à¤¬à¤¨à¤¾à¤¯à¥‡ à¤¹à¥‹à¤‚à¤—à¥‡ 1 à¤¬à¤¾à¤° à¤‡à¤¸ à¤¤à¤°à¥€à¤•à¥‡ à¤¸à¥‡ à¤¬à¤¨à¤¾à¤¯à¥‡ 10 à¤—à¥à¤¨à¤¾ à¤¸à¥‰à¤«à¥à¤Ÿ à¤”à¤° à¤¸à¥à¤µà¤¾à¤¦à¤¿à¤·à¥à¤Ÿ à¤¬à¤¨à¥‡à¤‚à¤—à¥‡,2021-11-06T12:17:47Z,"methi paratha ,methi paratha witch fry chilli, methi paratha kaise banaye,thepla recipe in gujarati, thepla recipe, methi thepla recipe, methi thepla in hindi, methi thepla marathi, anukriti cooking recipes, creative anukriti, anukriti recipes, new recipes 2021 thepla, thepla banane ki recipe, thepla banane ki vidhi, thepla kaise banta hai, methi na thepla banavani rit batao


#niluskitchen 
#methiparatha 
#methithepla 
#chillifry


visit my other pages

facebook page-https://www.facebook.com/Nilus-Kitchen-380684082329412/

My blog web- https://www.cookingweb.in/2021/11/5.html

youtube-https://m.youtube.com/
/NilusKitchen

instagram-https://www.instagram.com/niluskitchen1986/

Youtube channel- popular street food by montyğŸ‘†(second channel)


New mithai recipe-https://www.youtube.com/playlist?list=PLwfBwzlCY5TqcLxzGxzCU8DSfJS5iVlba

different nashta recipe-https://www.youtube.com/playlist?list=PLwfBwzlCY5Tpi3r4XS8qSoxNoJsCgBu4F


eggless cake recipe-https://www.youtube.com/playlist?list=PLwfBwzlCY5To_uERMbHSpvvL1-D3tg89D



dhaba style sabji recipe-https://www.youtube.com/playlist?list=PLwfBwzlCY5TrWhVWVWsYy9WPEMA0qZX0P

new and different instant dosa recipe: https://www.youtube.com/playlist?list=PLwfBwzlCY5TpSAigrslQhVBc9hpxpSsKy

new and diffrent paratha recipe: https://www.youtube.com/playlist?list=PLwfBwzlCY5TpLe5jBZWBFUAQnocSVFcJL


differents  sandwich recipe: https://www.youtube.com/playlist?list=PLwfBwzlCY5TrujEs64_5Daifm1aq0GyYm



litti chokha challenge, dal bati challenge, sattu challenge, litti chokha, recipe, food eating challenge, eating competition, food challenge, viwa food world, viva food, viwa, viwa brothers, diwali, bati recipe, litti chokha recipe, dishes, spicy food challenge, indian food challenge, sattu recipe, daal bati, dal bati churma, dal baati challenge, wheat ball, cheese ball challenge, bhaji challenge, street food, food recipe, how to make",479931,6652,222,PT7M51S
34,Fo-8N8K3vgw,People & Blogs,22,Fashion Futures,Ù…Ù„Ø®Ù‘Øµ Ø£Ø­Ø¯Ø§Ø« ÙØ¹Ø§Ù„ÙŠØ© Ù…Ø³ØªÙ‚Ø¨Ù„ Ø§Ù„Ø£Ø²ÙŠØ§Ø¡,2019-11-08T17:06:51Z,"3 days of expert panels, workshops and activities with local talents and global industry leaders, coming together to shape the future of the fashion industry in Saudi Arabia. Here's a recap of Fashion Futures 2019. #FFKSA #RiyadhSeason #MinistryOfCulture

Ø«Ù„Ø§Ø«Ø© Ø£ÙŠØ§Ù… Ø´Ù…Ù„Øª Ø§Ù„Ø¹Ø¯ÙŠØ¯ Ù…Ù† Ø§Ù„Ø¬Ù„Ø³Ø§Øª ÙˆÙˆØ±Ø´ Ø§Ù„Ø¹Ù…Ù„ Ù…Ø¹ Ø§Ù„Ø®Ø¨Ø±Ø§Ø¡ ÙˆØ§Ù„Ù…ÙˆØ§Ù‡Ø¨ Ø§Ù„Ù…Ø­Ù„ÙŠØ© ÙˆÙ‚Ø§Ø¯Ø© Ø§Ù„ØµÙ†Ø§Ø¹Ø© Ø§Ù„Ø¹Ø§Ù„Ù…ÙŠØ©ØŒ Ù„ØªØ´ÙƒÙŠÙ„ Ù…Ø³ØªÙ‚Ø¨Ù„ ØµÙ†Ø§Ø¹Ø© Ø§Ù„Ø£Ø²ÙŠØ§Ø¡ ÙÙŠ Ø§Ù„Ù…Ù…Ù„ÙƒØ©.

#Ù…Ø³ØªÙ‚Ø¨Ù„Ø§Ù„Ø£Ø²ÙŠØ§Ø¡ #Ù…ÙˆØ³Ù…Ø§Ù„Ø±ÙŠØ§Ø¶ #ÙˆØ²Ø§Ø±Ø©_Ø§Ù„Ø«Ù‚Ø§ÙØ©",476990,15,1,PT1M
35,IthZ3kH3bsU,People & Blogs,22,SuperYummy,I cooked pasta like this and it only got praise!,2022-01-27T22:04:28Z,"INGREDIENTS:
1 liter of hot water
250 g screw noodles
1 pinch of salt,
A strand of olive oil
1 tomato
1 green chili
1 onion
1 cucumber
An apple
Juice of 1 lemon
80 g green corn
1 tablespoon mustard
4 tablespoons lemon juice
2 tablespoons oil
2 tablespoons ketchup
1 tablespoon soy sauce
3 tablespoons mayonnaise
1 pinch of salt
1 pinch of black pepper
.
Click on the link and access other recipes:
https://beacons.ai/superyummy",472115,15994,269,PT1M
36,LYq3O515iqA,People & Blogs,22,BolBhidu,Eknath Shinde à¤¯à¤¾à¤‚à¤šà¤‚ à¤®à¥à¤–à¥à¤¯à¤®à¤‚à¤¤à¥à¤°à¥€à¤ªà¤¦ à¤œà¤¾à¤Šà¤¨ Ajit Pawar CM à¤¹à¥‹à¤£à¤¾à¤°à¥‡à¤¤ à¤•à¤¾? à¤¨à¥‡à¤®à¤•à¤‚ à¤•à¤¾à¤¯ à¤˜à¤¡à¤¤à¤¯à¤‚ ? #devendrafadnavis,2023-07-22T09:02:55Z,"#BolBhidu #EknathShindeDelhi #AjitPawarCM 

à¤•à¤¾à¤² à¤°à¤¾à¤·à¥à¤Ÿà¥à¤°à¤µà¤¾à¤¦à¥€à¤šà¥‡ à¤†à¤®à¤¦à¤¾à¤° à¤…à¤®à¥‹à¤² à¤®à¤¿à¤Ÿà¤•à¤°à¥€à¤‚à¤¨à¥€ à¤à¤• à¤Ÿà¥à¤µà¤¿à¤Ÿ à¤•à¥‡à¤²à¤‚. à¤®à¥€ à¤…à¤œà¤¿à¤¤ à¤…à¤¨à¤‚à¤¤à¤°à¤¾à¤µ à¤ªà¤µà¤¾à¤° à¤®à¤¹à¤¾à¤°à¤¾à¤·à¥à¤Ÿà¥à¤°à¤¾à¤šà¤¾ à¤®à¥à¤–à¥à¤¯à¤®à¤‚à¤¤à¥à¤°à¥€ à¤®à¥à¤¹à¤£à¥‚à¤¨ à¤¶à¤ªà¤¥ à¤˜à¥‡à¤¤à¥‹ à¤•à¥€......! à¤²à¤µà¤•à¤°à¤šâ€¦ à¤¸à¥‹à¤¬à¤¤à¤š à¤®à¥à¤–à¥à¤¯à¤®à¤‚à¤¤à¥à¤°à¥à¤¯à¤¾à¤‚à¤šà¥‡ à¤¨à¤¿à¤µà¤¾à¤¸à¤¸à¥à¤¥à¤¾à¤¨ à¤…à¤¸à¤£à¤¾à¤±à¥à¤¯à¤¾ à¤µà¤°à¥à¤·à¤¾ à¤¬à¤‚à¤—à¤²à¥à¤¯à¤¾à¤šà¥à¤¯à¤¾ à¤¬à¤¾à¤¹à¥‡à¤° à¤¦à¥‡à¤–à¥€à¤² à¤…à¤œà¤¿à¤¤ à¤ªà¤µà¤¾à¤°à¤¾à¤‚à¤šà¥‡ à¤­à¤¾à¤µà¥€ à¤®à¥à¤–à¥à¤¯à¤®à¤‚à¤¤à¥à¤°à¥€ à¤®à¥à¤¹à¤£à¥‚à¤¨ à¤¡à¤¿à¤œà¥€à¤Ÿà¤² à¤²à¤¾à¤µà¤£à¥à¤¯à¤¾à¤¤ à¤†à¤²à¥‡. à¤†à¤¤à¥à¤¤à¤¾ à¤¯à¤¾ à¤˜à¤¡à¤¾à¤®à¥‹à¤¡à¥€ à¤šà¤¾à¤²à¥‚ à¤¹à¥‹à¤¤à¥à¤¯à¤¾à¤šà¤‚ à¤¤à¥à¤¯à¤¾à¤¤à¤š à¤®à¥à¤–à¥à¤¯à¤®à¤‚à¤¤à¥à¤°à¥€ à¤à¤•à¤¨à¤¾à¤¥ à¤¶à¤¿à¤‚à¤¦à¥‡ à¤¦à¤¿à¤²à¥à¤²à¥€à¤²à¤¾ à¤°à¤µà¤¾à¤¨à¤¾ à¤à¤¾à¤²à¥‡.

à¤¥à¥‹à¤¡à¤•à¥à¤¯à¤¾à¤¤ à¤œà¥à¤¯à¤¾ à¤¦à¤¿à¤µà¤¶à¥€ à¤à¤•à¤¨à¤¾à¤¥ à¤¶à¤¿à¤‚à¤¦à¥‡ à¤°à¤¾à¤œà¥à¤¯à¤¾à¤šà¥‡ à¤®à¥à¤–à¥à¤¯à¤®à¤‚à¤¤à¥à¤°à¥€ à¤à¤¾à¤²à¥‡à¤¤ à¤…à¤—à¤¦à¥€ à¤¤à¥à¤¯à¤¾ à¤¦à¤¿à¤µà¤¸à¤¾à¤ªà¤¾à¤¸à¥‚à¤¨à¤š à¤¶à¤¿à¤‚à¤¦à¥‡ à¤œà¤¾à¤£à¤¾à¤° à¤…à¤¸à¤²à¥à¤¯à¤¾à¤šà¥à¤¯à¤¾ à¤šà¤°à¥à¤šà¤¾ à¤¹à¥‹à¤¤ à¤…à¤¸à¤¤à¤¾à¤¤. à¤¤à¥à¤¯à¤¾à¤¤à¤š à¤…à¤œà¤¿à¤¤ à¤ªà¤µà¤¾à¤°à¤¾à¤‚à¤š à¤¸à¤¤à¥à¤¤à¥‡à¤¤ à¤†à¤—à¤®à¤¨ à¤à¤¾à¤²à¥à¤¯à¤¾à¤¨à¤‚à¤¤à¤° à¤¯à¤¾ à¤šà¤°à¥à¤šà¤¾ à¤¦à¥‚à¤ªà¥à¤ªà¤Ÿ à¤µà¥‡à¤—à¤¾à¤¨à¥‡ à¤¹à¥‹à¤µà¥‚ à¤²à¤¾à¤—à¤²à¥à¤¯à¤¾â€¦ 

à¤ªà¤£ à¤¯à¤¾ à¤šà¤°à¥à¤šà¤¾ à¤œà¤¾à¤£à¥€à¤µà¤ªà¥à¤°à¥à¤µà¤• à¤ªà¤¸à¤°à¤µà¤²à¥à¤¯à¤¾ à¤œà¤¾à¤¤à¤¾à¤¤ à¤•à¤¾? à¤¶à¤¿à¤‚à¤¦à¥‡ à¤œà¤¾à¤£à¥à¤¯à¤¾à¤šà¥à¤¯à¤¾ à¤šà¤°à¥à¤šà¤¾ à¤•à¤¾ à¤¹à¥‹à¤¤ à¤…à¤¸à¤¤à¤¾à¤¤? à¤ªà¤¡à¤¦à¥à¤¯à¤¾à¤®à¤¾à¤—à¥‡ à¤¨à¥‡à¤®à¤•à¥à¤¯à¤¾ à¤•à¥‹à¤£à¤¤à¥à¤¯à¤¾ à¤˜à¤¡à¤¾à¤®à¥‹à¤¡à¥€ à¤˜à¤¡à¤¤à¤¾à¤¯à¤¤ à¤ªà¤¾à¤¹à¥‚à¤¯à¤¾ à¤¯à¤¾ à¤µà¥à¤¹à¤¿à¤¡à¥€à¤“à¤¤à¥‚à¤¨â€¦ 


à¤šà¥…à¤¨à¥‡à¤²à¤²à¤¾ à¤¸à¤¬à¤¸à¥à¤•à¥à¤°à¤¾à¤ˆà¤¬ à¤•à¤°à¤¾à¤¯à¤²à¤¾ à¤µà¤¿à¤¸à¤°à¥‚ à¤¨à¤•à¤¾. à¤¨à¥‹à¤Ÿà¤¿à¤«à¤¿à¤•à¥‡à¤¶à¤¨ à¤šà¤¾à¤²à¥‚ à¤ à¥‡à¤µà¤¾ à¤®à¥à¤¹à¤£à¤œà¥‡ à¤²à¥‡à¤Ÿà¥‡à¤¸à¥à¤Ÿ à¤µà¥à¤¹à¤¿à¤¡à¥€à¤“à¤šà¥‡ à¤¨à¥‹à¤Ÿà¤¿à¤«à¤¿à¤•à¥‡à¤¶à¤¨ à¤¤à¥à¤®à¥à¤¹à¤¾à¤²à¤¾ à¤®à¤¿à¤³à¤¤ à¤°à¤¾à¤¹à¤¤à¥€à¤². 
http://bit.ly/SubscribeBolbhidu.com

âœ’ï¸ à¤†à¤ªà¤£à¤¹à¥€ à¤†à¤ªà¤²à¥‡ à¤²à¥‡à¤–, à¤µà¤¿à¤·à¤¯ à¤µ à¤‡à¤¤à¤° à¤®à¤¾à¤¹à¤¿à¤¤à¥€ à¤†à¤®à¥à¤¹à¤¾à¤²à¤¾ bolbhidu1@gmail.com à¤¯à¤¾ à¤®à¥‡à¤² à¤†à¤¯à¤¡à¥€à¤µà¤° à¤ªà¤¾à¤ à¤µà¥‚ à¤¶à¤•à¤¤à¤¾. 

Connect With Us OnğŸ”

â¡ï¸ Facebook : https://www.facebook.com/â€‹BolBhiduCOM
â¡ï¸ Twitter : https://twitter.com/bolbhidu
â¡ï¸ Instagram : https://www.instagram.com/bolbhidu.com/
â¡ï¸Website: https://bolbhidu.com/",471795,5153,820,PT7M43S
37,3rrhFtMqU3c,People & Blogs,22,Kajal Soni,à¤®à¥‡à¤°à¤¾ à¤¤à¥‹ à¤ªà¥‹à¤ªà¤Ÿ à¤¹à¥‹ à¤—à¤¯à¤¾ğŸ¥ºğŸ˜‚ #viral #comedy #youtubeshorts #love #funny #story #hearttouching,2023-07-22T19:14:49Z,,646376,45599,40,PT59S
38,PGEaT0-yL7U,People & Blogs,22,Alex Gonzaga Official,My Europe Shopping by Alex Gonzaga,2023-07-22T04:40:57Z,"Find someone na pipigilan kayo gumastos at tuturuan kayo maging matalino sa pamimili ğŸ˜‚


Subscribe to Ka-maintenance
https://youtube.com/c/BonoyPintyGonzaga

For business please contact me!
Email: misscathygonzaga@gmail.com

Follow me!
Tiktok: @mscathygonzaga
FB: https://www.facebook.com/MsCathyGonzaga/
Twitter: https://twitter.com/Mscathygonzaga
Instagram: https://www.instagram.com/cathygonzaga/",456736,11685,478,PT18M18S
39,DnnjeSNGSGg,People & Blogs,22,RAWWFishing,MEGA PRIME Bottle Catches Colorful Fish,2023-07-22T13:00:07Z,"Buy Rawwfishing Merchandise Here - https://www.Rawwfishing.com
My Socials :
Instagram - https://www.instagram.com/raww/
Tiktok - https://www.tiktok.com/@rawwfishingyt?lang=en
Facebook - https://www.facebook.com/RAWWfishing/",420550,6839,897,PT37M
40,XjFdp5R7YHU,People & Blogs,22,tzuyangì¯”ì–‘,ì†ë³´)ì¯”ì–‘ ì¶©ë‚¨ ê¸ˆì‚° ì¶œëª°!.. ì‚¬ì¥ë‹˜ë“¤ ë†€ë¼ğŸ˜± ì‚¼ê²¹ì‚´ ë‹­ë³¶ìŒíƒ• ì‚¼ê³„íƒ• ë¨¹ë°©,2023-07-22T12:00:33Z,"#ê¸ˆì‚°êµ° #ê¸ˆì‚°ì¸ì‚¼ #Kì¸ì‚¼

ë³¸ ì˜ìƒì€ ê¸ˆì‚°ì¸ì‚¼ì˜ ìœ ë£Œê´‘ê³ ë¥¼ í¬í•¨í•˜ê³  ìˆìŠµë‹ˆë‹¤

ì„¸ê³„ë¡œ ì­‰ì­‰ ë»—ì–´ë‚˜ê°€ëŠ” K-ì¸ì‚¼
í•œêµ­ ì¸ì‚¼ì˜ ê³ ì¥ â€™ê¸ˆì‚°êµ°'

ìµœê³ ì˜ í™˜ê²½ì—ì„œ ì¬ë°°ë˜ê³  ìˆëŠ” 
ì¸ì‚¼ì˜ ëª¨ìŠµì„ ì œëŒ€ë¡œ ë³´ì—¬ë“œë¦½ë‹ˆë‹¤

ğŸŠ ì œ41íšŒ ê¸ˆì‚°ì„¸ê³„ ì¸ì‚¼ì¶•ì œ ğŸŠ
2023.10.6 (ê¸ˆ) ~ 10.15 (ì¼)
ê¸ˆì‚°ì„¸ê³„ì¸ì‚¼ì—‘ìŠ¤í¬ê´‘ì¥ ë° ê¸ˆì‚°êµ° ê³³ê³³ì—ì„œ 
K-ì¸ì‚¼ì„ ì œëŒ€ë¡œ ì¦ê¸°ëŸ¬ ì˜¤ì„¸ìš”

ì¸ì‚¼ì˜ ê³ ì¥
ì¶©ë‚¨ â€˜ê¸ˆì‚°â€™ìœ¼ë¡œ ë†€ëŸ¬ì˜¤ì„¸ìš”~

Vietfood & Beverage 2023, August 10(Thu) - 12(Sat)
Camfood & Hotel 2023, September 14(Thu) - 16(Sat)
ISM Middle East 2023, November 7(Tue) - 9(Thu)

ê°êµ­ì–´ ë²ˆì—­ ìë§‰ ì œì‘ : 
ì»¨í…ì¸  ì œì‘ì˜ ë§ˆë¬´ë¦¬ëŠ” ì»¨í…ì¸ í”Œë¼ì´! ê¸€ë¡œë²Œ ì§„ì¶œì„ ìœ„í•œ ìµœê³ ì˜ íŒŒíŠ¸ë„ˆ,
CONTENTSFLYì—ì„œ ì œì‘ë˜ì—ˆìŠµë‹ˆë‹¤.
https://www.contentsfly.com

ë¹„ì§€ë‹ˆìŠ¤ ë©”ì¼:gardenm1120@gmail.com",413727,14466,477,PT22M4S
41,G-zijpbz5zs,People & Blogs,22,The Fishfam,SHE FINALLY DID IT! PROUD PARENTS,2021-02-21T17:30:01Z,"Thank you Clarins for sponsoring this video. 
Check out the Double Serum, here: 
https://www.inflcr.co/SH5mb 
Multi Active Day Cream here: 
https://www.inflcr.co/SH5md
@clarinsusa  #SkinSolutions #ClarinsSkincare 

She finally did it! We are so proud of her.  These moments in life are huge milestones! Its so cool to witness PROUD PARENTS OVER HERE! 

Text us! +1(310) -299-9154

SUBSCRIBE TO Kyler and Mad! 
https://bit.ly/2SnL0v8â€‹

Follow our Instagrams for a SHOUTOUT on our next video!
@taytumandoakley
@kylerstevenfisher
@madisonbontempo
@itskylerandmad
@oliverrhettfisher",397389,15541,814,PT13M33S
42,OZXKDqB9Qig,People & Blogs,22,Haley Kalil,â€œYeah. Iâ€™m fine.â€ ğŸ˜‚ğŸ˜‚ @MaxGoodrich,2023-07-22T17:43:07Z,,386569,67463,332,PT29S
43,WjVCC56xCUE,People & Blogs,22,Varsha Thapa,Indiaâ€™s best dancer shoot ğŸ˜Bharti di ne yeh kya bol diya ğŸ˜±|| Varsha Thapa,2023-07-22T05:30:08Z,"SOCIAL MEDIA
Instagram - https://www.instagram.com/varshathapaofficial/

Facebook - https://www.facebook.com/profile.php?id=100093414941538&mibextid=LQQJ4d

CONTACT ME 
Mail - varshathapaofficial@gmail.com",358704,22120,286,PT18M59S
44,qrkJlmmCnVs,People & Blogs,22,TonyTV,ğ“ğ¨ğ§ğ² | Thá»­ ThÃ¡ch Bá»‘c ThÄƒm Náº¥u Ä‚n ğŸ¯ Tháº§n Ä‚n Äáº¡i Chiáº¿n,2023-07-23T02:00:18Z,"#teamtony #tonytv #tonyvlog 
Serries áº©m thá»±c Ä‘áº§y sÃ¡ng táº¡o chá»‰ vá»›i 1 loáº¡i rau cá»§. Nhiá»‡m vá»¥ trong 5 giá» cÃ¡c Ä‘á»™i sáº½ hoÃ n thÃ nh 1 mÃ³n Äƒn cÃ³ hÃ¬nh dÃ¡ng lÃ  con heo. Theo báº¡n mÃ³n Äƒn cá»§a Ä‘á»™i nÃ o sáº½ ngon nháº¥t & Ä‘áº¹p nháº¥t?
Mua Ä‘Ã´Ì€ chÆ¡i saÌng taÌ£o taÌ£i https://shoptonytoy.vn/
------------------/----------------------------------------
ğŸ”” ÄÄƒng kÃ½ kÃªnh Tony TV táº¡i Ä‘Ã¢y: http://metub.net/TonyTV  
ğŸ”” ÄÄƒng kÃ½ kÃªnh Tony Vlogs táº¡i Ä‘Ã¢y: https://bit.ly/2OkNokn
------------------/----------------------------------------
NHáº¬N Há»¢P TÃC QUáº¢NG CÃO - VUI LÃ’NG LIÃŠN Há»†: 
âœ‰ï¸ Email: phucvinh.pelc@gmail.com
------------------/----------------------------------------
* I really respect creators so If you have any wonders related to the COPYRIGHT, please send email to me, we will find out the suitable solution. Thanks so much for your co-operation.
** TÃ´i luÃ´n tÃ´n trá»ng ngÆ°á»i lÃ m video nÃªn náº¿u báº¡n cÃ³ báº¥t kÃ¬ váº¥n Ä‘á» nÃ o liÃªn quan Ä‘áº¿n báº£n quyá»n, vui lÃ²ng gá»­i mÃ¬nh 1 email Ä‘á»ƒ mÃ¬nh cÃ¹ng nhau thá»‘ng nháº¥t cÃ¡ch giáº£i quyáº¿t. Cáº£m Æ¡n sá»± há»£p tÃ¡c tá»« báº¡n!!!
------------------/----------------------------------------
Â© Báº£n quyá»n thuá»™c vá» Tony TV
Â© Copyright By Tony TV & Do not Reup.",382614,11926,993,PT23M
45,RH6C7owiV6E,People & Blogs,22,Fatih AltaylÄ±,"Fatih AltaylÄ± yorumluyor: Ã–ztrak yalanladÄ±, KÄ±lÄ±Ã§daroÄŸlu doÄŸruladÄ±!",2023-07-22T06:30:06Z,"YouTube kanalÄ±na abone olmak iÃ§in â–· http://bit.ly/FatihAltayli

00:00 Kemal KÄ±lÄ±Ã§daroÄŸluâ€™nun itirafÄ±
11:54 KÄ±lÄ±Ã§daroÄŸluâ€™ndan daha baÅŸarasÄ±z?
15:20 KÄ±lÄ±Ã§daroÄŸluâ€™nu desteklemek?
17:22 KÄ±lÄ±Ã§daroÄŸlu kazansaydÄ±?
20:36 Ä°YÄ° Partili Bilge YÄ±lmazâ€™Ä±n KÄ±lÄ±Ã§daroÄŸlu aÃ§Ä±klamasÄ±
28:24 Ä°srail BaÅŸbakanÄ± TÃ¼rkiye'ye geliyor
35:57 Turizm ne durumda?
40:01 Sicilya aÃ§Ä±klarÄ±nda 5,3 ton kokain ele geÃ§irildi

Gazeteci - Yazar Fatih AltaylÄ±, Youtube kanalÄ±na Ã¶zel gÃ¼ndemi yorumluyor.",335044,13581,2104,PT47M10S
46,-3C0j1jHk8Y,People & Blogs,22,So Saute,Cheese Rings Recipe ğŸ˜±ğŸ˜± | Cheesy Recipe | So Saute,2021-10-25T06:00:01Z,"Cheese Rings Recipe ğŸ˜±ğŸ˜± | Cheesy Recipe | So Saute

Whats cookin, good lookin
I post reviews of new products in the food industry and also fun and quirky recipes.
Be a part of this family â¤ï¸ Press the subscribe button and the bell icon too.

Instagram:
https://www.instagram.com/sooosaute

Facebook:
Zaamana ho gaya app delete karey.

Blogging props: (link for the spoons and more props I use ) 

https://www.amazon.in/shop/sooosaute?listId=RK5XPC0I7GM3&ref=cm_sw_em_r_inf_list_own_sooosaute_dp_qV5SuJAOirC6u

Try it or leave it:

https://www.amazon.in/shop/sooosaute?listId=1SOADD4T8H6EE&ref=cm_sw_em_r_inf_list_own_sooosaute_dp_EhEA2thTK8c0d

Business enquiry:
sosautewithlove@gmail.com

#cheeserings #cheesyrecipe #cheesy",331764,13771,492,PT2M34S
47,x8M4OrSjSc8,People & Blogs,22,Community Services For Every 1,Community Services For Every 1 - Services,2022-02-07T13:49:47Z,,324679,5,1,PT31S
48,LMLORDZIXn0,People & Blogs,22,Afnanrecipes,Ø¬Ø±Ø¨Ù†Ø§ Ù…Ø´Ø±ÙˆØ¨ Ø§Ù„Ø¨Ø§Ø±Ø¨ÙŠ Ù…Ù† Ø³ØªØ§Ø± Ø¨ÙƒØ³ Ø´ÙˆÙÙˆ Ø±Ø§ÙŠÙ†Ø§ Ø§Ø®Ø± Ø§Ù„ÙÙŠØ¯ÙŠÙˆğŸ˜#summerdrink,2023-07-22T12:37:00Z,,323197,,181,PT21S
49,-wnup5hlUqw,People & Blogs,22,ÙˆØµÙÙ‡ ÙˆØªØµØ¨ÙŠØ±Ù‡,A day Working With a Professional Doctor #NASA3654,2023-07-22T14:44:00Z,,322321,,43,PT1H5M21S
