,Video Id,channelTitle,title,publishedAt,categoryId,description,viewCount,likeCount,favouriteCount,commentCount,duration
0,k1ZbPI47aD0,Wall Street Journal,This Guy Walks Faster Than You Run,2017-07-31T17:20:35Z,26,"Richard Luettchau II, a competitive race walker, can walk a mile in about six minutes and 40 seconds. He shares some tips for picking up the pace. Photo: Jeff Bush for The Wall Street Journal

 
Don’t miss a WSJ video, subscribe here: http://bit.ly/14Q81Xy

More from the Wall Street Journal: 
Visit WSJ.com: http://www.wsj.com
Visit the WSJ Video Center: https://wsj.com/video

On Facebook: https://www.facebook.com/pg/wsj/videos/
On Twitter: https://twitter.com/WSJ
On Snapchat: https://on.wsj.com/2ratjSM",15906775,144891,,16683,PT2M16S
1,F8_ME4VwTiw,Wall Street Journal,Ergonomics Expert Explains How to Set Up Your Desk | WSJ Pro Tip,2019-06-18T17:20:35Z,25,"Our desks weren't made for us. They were made for everyone. Simple fixes like adjusting your chair to match your height and adjusting your monitor to an arm's distance can make a huge impact. What are some other adjustments to optimize your workspace?

Ergonomics expert Jon Cinkay from the Hospital for Special Surgery is here to show you how to make your desk and office chair adapt to you and not the other way around.

Photo: Adam Falk/The Wall Street Journal

0:00 Meet Jon Cinkay, a body mechanics coordinator
0:31 Adjust your chair
1:04 Adjust your monitor
1:50 Mind your mouse, keyboard and phone
2:28 Move and stretch

#Ergonomics #Desk #WSJ",15122391,416074,,6711,PT3M23S
2,S7pU17C1VX0,Wall Street Journal,Ice Cube and Son on 'Straight Outta Compton',2015-08-06T22:15:20Z,24,"Rapper Ice Cube and his son O’Shea Jackson, Jr. discuss their movie “Straight Outta Compton,” N.W.A.’s legacy and police brutality at the WSJ Cafe. 
Don’t miss a WSJ video, subscribe here: http://bit.ly/14Q81Xy

More from the Wall Street Journal: 
Visit WSJ.com: http://www.wsj.com
Visit the WSJ Video Center: https://wsj.com/video

On Facebook: https://www.facebook.com/pg/wsj/videos/
On Twitter: https://twitter.com/WSJ
On Snapchat: https://on.wsj.com/2ratjSM",12742112,132001,,4263,PT10M2S
3,wVXrIaPuP7c,Wall Street Journal,"The Controversy Behind Nike’s Vaporfly Running Shoe, Explained | WSJ",2020-01-23T17:13:13Z,17,"Nike’s Vaporfly shoes have become a popular choice for both elite and amateur runners. 

But the shoes may soon be banned in professional competitions if World Athletics, the world governing body of track and field, decides they offer an unfair advantage. 

Photo/Video: Alexander Hotz/The Wall Street Journal

More from the Wall Street Journal:
Visit WSJ.com: http://www.wsj.com
Visit the WSJ Video Center: https://wsj.com/video

On Facebook: https://www.facebook.com/pg/wsj/videos/
On Twitter: https://twitter.com/WSJ
On Snapchat: https://on.wsj.com/2ratjSM

#WSJ #Nike #Vaporfly",7214045,101014,,13533,PT8M27S
4,32KTKXZZ-BI,Wall Street Journal,How Hong Kong Protesters Evade Surveillance With Tech | WSJ,2019-09-16T16:10:33Z,25,"Protesters in Hong Kong fear they are being monitored by the local government and potentially by China, a country at the cutting edge of mass surveillance. So demonstrators have developed hacks to avoid arrest and hide their digital tracks. 

Photo composite: Sharon Shi

More from the Wall Street Journal: 
Visit WSJ.com: http://www.wsj.com
Visit the WSJ Video Center: https://wsj.com/video

On Facebook: https://www.facebook.com/pg/wsj/videos/
On Twitter: https://twitter.com/WSJ
On Snapchat: https://on.wsj.com/2ratjSM

#WSJ #HongKong #HKProtests",6656975,136667,,13647,PT6M47S
5,1KtTAb9Tl6E,Wall Street Journal,Why Global Supply Chains May Never Be the Same | WSJ Documentary,2022-03-23T17:29:52Z,25,"Every day, millions of sailors, truck drivers, longshoremen, warehouse workers and delivery drivers keep mountains of goods moving into stores and homes to meet consumers’ increasing expectations of convenience. But this complex movement of goods underpinning the global economy is far more vulnerable than many imagined. 

Photo illustration: Adele Morgan

0:00 Where’s my stuff? How record demand broke supply chains
3:10 Ocean shipping—the journey from Asia
8:01 Inside America’s most backlogged port
13:50 Why there aren’t enough truck drivers
26:00 The humans and robots working in fulfillment centers 
38:11 The last mile—how products get to your doorstep
50:06 How can we fix supply chains? 

#SupplyChain #Documentary #WSJ",6532791,72822,,7156,PT54M43S
6,kexuG-YcQFA,Wall Street Journal,Microsoft CEO Satya Nadella: How I Work | WSJ,2015-09-30T16:44:11Z,25,"Microsoft CEO Satya Nadella spoke to The Wall Street Journal about how he runs meetings and picks hires--and whether he'd rather go to a Clippers game with Steve Ballmer or play bridge with Bill Gates. Photo: David Ryder for The Wall Street Journal 
Don’t miss a WSJ video, subscribe here: http://bit.ly/14Q81Xy

More from the Wall Street Journal: 
Visit WSJ.com: http://www.wsj.com
Visit the WSJ Video Center: https://wsj.com/video

On Facebook: https://www.facebook.com/pg/wsj/videos/
On Twitter: https://twitter.com/WSJ
On Snapchat: https://on.wsj.com/2ratjSM",6282063,95863,,2258,PT2M15S
7,vLebsrBn13g,Wall Street Journal,How to Survive the Longest Flight in the World | The Middle Seat,2018-10-16T16:01:45Z,19,"WSJ's Scott McCartney went nonstop from Newark, N.J., to Singapore, testing his tips on how to survive more than 18 hours on a plane to help you with your next long-haul flight. 

Photo: Drew Evans/The Wall Street Journal

More from the Wall Street Journal:
Visit WSJ.com: http://www.wsj.com
Visit the WSJ Video Center: https://wsj.com/video

On Facebook: https://www.facebook.com/pg/wsj/videos/
On Twitter: https://twitter.com/WSJ
On Snapchat: https://on.wsj.com/2ratjSM


#WSJ #Travel #Singapore",6046673,69384,,5398,PT4M14S
8,klKcQt_awWw,Wall Street Journal,Learn to Dance with Three Easy Steps,2014-04-29T20:47:31Z,24,"Wedding season is here and it's time to get your groove on! But what if you don't know how to dance? Ashlé Dawson of the Broadway Dance Center shows WSJ's Elizabeth Holmes three simple steps to make you feel more comfortable on the dance floor.

Subscribe to the WSJ channel here:
http://bit.ly/14Q81Xy

Visit the WSJ channel for more video:
https://www.youtube.com/wsjdigitalnetwork
More from the Wall Street Journal:
Visit WSJ.com: http://online.wsj.com/home-page

Follow WSJ on Facebook:
http://www.facebook.com/wsjlive
Follow WSJ on Google+: https://plus.google.com/+wsj/posts
Follow WSJ on Twitter: https://twitter.com/WSJLive
Follow WSJ on Instagram: http://instagram.com/wsj
Follow WSJ on Pinterest: http://www.pinterest.com/wsj/
Follow WSJ on Tumblr: http://www.tumblr.com/tagged/wall-street-journal 
Don’t miss a WSJ video, subscribe here: http://bit.ly/14Q81Xy

More from the Wall Street Journal: 
Visit WSJ.com: http://www.wsj.com
Visit the WSJ Video Center: https://wsj.com/video

On Facebook: https://www.facebook.com/pg/wsj/videos/
On Twitter: https://twitter.com/WSJ
On Snapchat: https://on.wsj.com/2ratjSM",5800371,20938,,767,PT3M9S
9,4Ey89C05FOw,Wall Street Journal,"President Obama Gives Speech at Hiroshima Memorial, Meets Survivors | WSJ",2016-05-27T12:37:40Z,25,"President Barack Obama made a historic visit to Hiroshima on Friday, meeting with survivors of the atomic attack that killed 140,000 people. Photo: Getty Images

Subscribe to the WSJ channel here:
http://bit.ly/14Q81Xy

More from the Wall Street Journal:
Visit WSJ.com: http://www.wsj.com

Follow WSJ on Facebook: http://www.facebook.com/wsjvideo
Follow WSJ on Google+: https://plus.google.com/+wsj/posts
Follow WSJ on Twitter: https://twitter.com/WSJvideo
Follow WSJ on Instagram: http://instagram.com/wsj
Follow WSJ on Pinterest: http://www.pinterest.com/wsj/ 
Don’t miss a WSJ video, subscribe here: http://bit.ly/14Q81Xy

More from the Wall Street Journal: 
Visit WSJ.com: http://www.wsj.com
Visit the WSJ Video Center: https://wsj.com/video

On Facebook: https://www.facebook.com/pg/wsj/videos/
On Twitter: https://twitter.com/WSJ
On Snapchat: https://on.wsj.com/2ratjSM",5270631,97099,,10498,PT2M43S
10,rtLTZUaMSDQ,Wall Street Journal,I Spent 24 Hours Trapped in the Metaverse | WSJ,2021-11-12T17:45:36Z,25,"Everyone is blabbing about the metaverse. But what does this future digital world look like? 

WSJ’s Joanna Stern checked into a hotel and strapped on the Meta Quest 2 virtual-reality headset for the day. She went to work meetings with Spatial and Horizon Worlds, hung out with new avatar friends in AltspaceVR and even exercised while playing games. 

0:00 The setup
1:48 Games and AltspaceVR
3:30 Meditation apps, reading and exercising
4:47 Taking meetings
6:35 What’s next for the metaverse?

Tech Things With Joanna Stern
Everything is now a tech thing. In creative and humorous videos, WSJ senior personal tech columnist Joanna Stern explains and reviews the products, services and trends that are changing our world.

#Metaverse #VR #WSJ",5124341,79375,,16152,PT7M34S
11,htPQrCBLBaQ,Wall Street Journal,George W. Bush Delivers Emotional Eulogy for His Father George H.W. Bush,2018-12-05T19:19:55Z,25,"In a heartfelt eulogy George W. Bush, the 43rd president of the United States, pays tribute to the life of ""the best father a son or daughter could have,"" George H.W. Bush. Photo: Getty Images

Don’t miss a WSJ video, subscribe here: http://bit.ly/14Q81Xy

More from the Wall Street Journal: 
Visit WSJ.com: http://www.wsj.com
Visit the WSJ Video Center: https://wsj.com/video

On Facebook: https://www.facebook.com/pg/wsj/videos/
On Twitter: https://twitter.com/WSJ
On Snapchat: https://on.wsj.com/2ratjSM",4562391,50839,,6293,PT12M54S
12,2m1Ff4k8Vic,Wall Street Journal,The Sport of Cigar Smoking,2018-01-03T20:51:11Z,26,"A growing number of cigar smokers are competing to see how long they can make a stogie last. Photo: Rob Alcaraz/The Wall Street Journal

 
Don’t miss a WSJ video, subscribe here: http://bit.ly/14Q81Xy

More from the Wall Street Journal: 
Visit WSJ.com: http://www.wsj.com
Visit the WSJ Video Center: https://wsj.com/video

On Facebook: https://www.facebook.com/pg/wsj/videos/
On Twitter: https://twitter.com/WSJ
On Snapchat: https://on.wsj.com/2ratjSM",4457042,52815,,3074,PT2M17S
13,_eSZaCHXBVA,Wall Street Journal,How Israel’s Iron Dome Works | WSJ,2021-05-17T17:01:56Z,25,"Israel’s Iron Dome missile-defense system is designed to intercept and destroy short-range rockets and mortars. During the recent conflict, it has been used to destroy more than 200 rockets bound for Israeli cities. Here’s how it works. 

Photo: Ilia Yefimovich/Getty Images

More from the Wall Street Journal:
Visit WSJ.com: http://www.wsj.com
Visit the WSJ Video Center: https://wsj.com/video

On Facebook: https://www.facebook.com/pg/wsj/videos/
On Twitter: https://twitter.com/WSJ
On Snapchat: https://on.wsj.com/2ratjSM

#Israel #IronDome #WSJ",4291005,40004,,6531,PT2M27S
14,2VX29jEkyhA,Wall Street Journal,Inside the Floor Routine Once Thought Impossible,2016-07-08T15:44:01Z,26,"Aly Raisman took Olympic gold in 2012 with a mind-boggling opening tumbling pass. The reigning champion breaks down that same pass, which she hopes will help her medal again in Rio. Image: Robert Libetti/The Wall Street Journal

Subscribe to the WSJ channel here:
http://bit.ly/14Q81Xy

More from the Wall Street Journal:
Visit WSJ.com: http://www.wsj.com

Follow WSJ on Facebook: http://www.facebook.com/wsjvideo
Follow WSJ on Google+: https://plus.google.com/+wsj/posts
Follow WSJ on Twitter: https://twitter.com/WSJvideo
Follow WSJ on Instagram: http://instagram.com/wsj
Follow WSJ on Pinterest: http://www.pinterest.com/wsj/ 
Don’t miss a WSJ video, subscribe here: http://bit.ly/14Q81Xy

More from the Wall Street Journal: 
Visit WSJ.com: http://www.wsj.com
Visit the WSJ Video Center: https://wsj.com/video

On Facebook: https://www.facebook.com/pg/wsj/videos/
On Twitter: https://twitter.com/WSJ
On Snapchat: https://on.wsj.com/2ratjSM",3982125,33628,,822,PT3M24S
15,CoUmgMhn2iY,Wall Street Journal,How This Cyclist Hit 184MPH and Set the World Record,2019-01-14T19:14:21Z,25,"Denise Mueller-Korenek shattered the previous land-speed record for the fastest human on a bicycle on earth. We were with her when she did it. Video: Andria Chamberlin and Michael Kofsky for The Wall Street Journal

Don’t miss a WSJ video, subscribe here: http://bit.ly/14Q81Xy

More from the Wall Street Journal: 
Visit WSJ.com: http://www.wsj.com
Visit the WSJ Video Center: https://wsj.com/video

On Facebook: https://www.facebook.com/pg/wsj/videos/
On Twitter: https://twitter.com/WSJ
On Snapchat: https://on.wsj.com/2ratjSM",3665278,41447,,5646,PT20M49S
16,grkHcEyZu04,Wall Street Journal,Behind Chick-fil-A’s Unconventional Franchise Model | WSJ The Economics Of,2021-10-28T19:02:43Z,25,"Chick-fil-A has built its rapid growth on the popularity of its signature chicken sandwich. But its unconventional approach to business has helped make it the third biggest fast-food chain in the U.S. 

WSJ gets an inside look at the business strategies including the unique franchise model, small menu and culture driving the Atlanta-based company’s success.

Photo Illustration: Alexander Hotz/WSJ

0:00 Chicken sandwich
0:42 Chick-fil-A’s history
1:26 Small menu
3:04 Atypical franchise model
5:06 Culture and values

The Economics Of
How do the world's most successful companies generate revenue? In this explainer series, we'll dive into the surprising stories behind how businesses work--exploring everything from Costco's ""treasure-hunt"" model to the economics behind Amazon's AWS.

#ChickfilA #Chicken #WSJ",3621487,48079,,2997,PT8M24S
17,Dqjj6FNel80,Wall Street Journal,How Bad Can Inflation Be? Turkey Offers a Warning. | WSJ,2021-12-15T17:00:19Z,25,"As the Federal Reserve and other central banks around the world deal with rising inflation amid the economic recovery from the pandemic, Turkey – where the rate is currently over 20% – offers a warning. Soaring inflation has led to economic turmoil after years of broad growth. 

Photo: Sedat Suna/Shutterstock

More from the Wall Street Journal:
Visit WSJ.com: http://www.wsj.com
Visit the WSJ Video Center: https://wsj.com/video

On Facebook: https://www.facebook.com/pg/wsj/videos/
On Twitter: https://twitter.com/WSJ
On Snapchat: https://on.wsj.com/2ratjSM

#Inflation #Turkey #WSJ",3614186,33187,,9687,PT2M53S
18,WUKEYDep8as,Wall Street Journal,Why a 2022 Recession Would Be Unlike Any Other | WSJ,2022-07-15T19:29:37Z,25,"Is the U.S. in a recession? Many economists think that’s a possibility and by some measurements, it may have already started. But why aren’t people losing their jobs?

Recessions usually come with a dip in economic output and a rise in unemployment. Right now, economic output is falling. But so is unemployment. WSJ’s Jon Hilsenrath has coined it a “jobful downturn.” We look at past recessions and indicators to explain how a recession in 2020 could be very different.

Read more about this “jobful downturn” on The Wall Street Journal: https://www.wsj.com/articles/recession-economy-unemployment-jobs-11656947596

More from the Wall Street Journal:
Visit WSJ.com: http://www.wsj.com
Visit the WSJ Video Center: https://wsj.com/video

On Facebook: https://www.facebook.com/pg/wsj/videos/
On Twitter: https://twitter.com/WSJ
On Snapchat: https://on.wsj.com/2ratjSM

#Recession #Economy #WSJ",3596648,44205,,5786,PT5M8S
19,G7xI2dUPN3A,Wall Street Journal,Apple Watch Series 4 Fall Detection Tested By a Hollywood Stunt Double,2018-10-03T19:19:08Z,28,"The newest watch can detect hard falls and alert emergency contacts. WSJ’s Joanna Stern enlisted a pro to trip, slip and flip through some serious testing. Don’t try this at home.

Don’t miss a WSJ video, subscribe here: http://bit.ly/14Q81Xy

More from the Wall Street Journal: 
Visit WSJ.com: http://www.wsj.com
Visit the WSJ Video Center: https://wsj.com/video

On Facebook: https://www.facebook.com/pg/wsj/videos/
On Twitter: https://twitter.com/WSJ
On Snapchat: https://on.wsj.com/2ratjSM",3485229,54924,,1771,PT4M53S
20,5wQ9nAlO12E,Wall Street Journal,Pilot Explains the Science of Turbulence | WSJ Travel Guides,2021-06-18T16:53:20Z,25,"Turbulence isn’t entirely predictable, according to pilot Stuart Walker. Flights can be impacted by four different types of turbulence: clear-air turbulence, thermal turbulence, mechanical turbulence and wake turbulence. But how does turbulence happen in clear skies?

Walker, who has decades of experience flying planes, explains each type of turbulence and what pilots can do to help avoid a bumpy ride for passengers in flight. 

0:00 Types of turbulence 
0:39 Clear-air turbulence 
2:08 Thermal turbulence
3:41 Mechanical turbulence
5:11 Wake turbulence 
6:22 Tips for fliers 

#Turbulence #Flying #WSJ",3351557,45917,,2022,PT7M15S
21,qkAFY6y9SFo,Wall Street Journal,"Six Suicides, One Year, One High School | WSJ",2019-04-12T13:46:15Z,25,"In less than a year, six students who had attended Herriman High School in Utah committed suicide. The WSJ visited Herriman and found a community searching for answers as they struggle with the loss.

If you or a friend are struggling emotionally, help is available Free, confidential support for people in distress is offered by the National Suicide Prevention Lifeline at (800) 273-8255. You can also text a crisis counselor by messaging the Crisis Text Line at 741741.

Don’t miss a WSJ video, subscribe here: http://bit.ly/14Q81Xy

More from the Wall Street Journal: 
Visit WSJ.com: http://www.wsj.com
Visit the WSJ Video Center: https://wsj.com/video

On Facebook: https://www.facebook.com/pg/wsj/videos/
On Twitter: https://twitter.com/WSJ
On Snapchat: https://on.wsj.com/2ratjSM

#WSJ",3128814,74675,,9161,PT9M7S
22,JMLsHI8aV0g,Wall Street Journal,How China Is Using Artificial Intelligence in Classrooms | WSJ,2019-10-01T17:20:56Z,25,"A growing number of classrooms in China are equipped with artificial-intelligence cameras and brain-wave trackers. While many parents and teachers see them as tools to improve grades, they’ve become some children’s worst nightmare. 

Video: Crystal Tai

More from the Wall Street Journal: 
Visit WSJ.com: http://www.wsj.com
Visit the WSJ Video Center: https://wsj.com/video

On Facebook: https://www.facebook.com/pg/wsj/videos/
On Twitter: https://twitter.com/WSJ
On Snapchat: https://on.wsj.com/2ratjSM 

#WSJ #ArtificialIntelligence #China",2973158,67597,,11842,PT5M44S
23,bjSe-0vSRMY,Wall Street Journal,Tasting the World’s First Test-Tube Steak,2018-12-11T16:53:01Z,25,"The race is on to create lab-grown meat products. Still, little is known about their safety and potential impact. In this episode of Moving Upstream, WSJ’s Jason Bellini visits entrepreneurs, scientists, and ranchers to understand how it’s made, and gets a first taste of steak grown from cultured cells.

Don’t miss a WSJ video, subscribe here: http://bit.ly/14Q81Xy

More from the Wall Street Journal: 
Visit WSJ.com: http://www.wsj.com
Visit the WSJ Video Center: https://wsj.com/video

On Facebook: https://www.facebook.com/pg/wsj/videos/
On Twitter: https://twitter.com/WSJ
On Snapchat: https://on.wsj.com/2ratjSM",2899513,55842,,15375,PT9M55S
24,J1VhlBdCByY,Wall Street Journal,Philippines Fights Islamic Militants in Marawi,2017-05-30T14:26:30Z,25,"More than 100 people have been killed in the battle for Marawi city between Philippine government forces and the extremist Maute group, which has pledged allegiance to Islamic State. 

Photo: Getty Images

Subscribe to the WSJ channel here:
http://bit.ly/14Q81Xy

More from the Wall Street Journal:
Visit WSJ.com: http://www.wsj.com

Follow WSJ on Facebook: http://www.facebook.com/wsjvideo
Follow WSJ on Google+: https://plus.google.com/+wsj/posts
Follow WSJ on Twitter: https://twitter.com/WSJvideo
Follow WSJ on Instagram: http://instagram.com/wsj
Follow WSJ on Pinterest: http://www.pinterest.com/wsj/ 
Don’t miss a WSJ video, subscribe here: http://bit.ly/14Q81Xy

More from the Wall Street Journal: 
Visit WSJ.com: http://www.wsj.com
Visit the WSJ Video Center: https://wsj.com/video

On Facebook: https://www.facebook.com/pg/wsj/videos/
On Twitter: https://twitter.com/WSJ
On Snapchat: https://on.wsj.com/2ratjSM",2606725,17822,,1361,PT2M33S
25,BvngUP0sHhQ,Wall Street Journal,Inside Samsung's Futuristic $300 Million Office | WSJ Open Office,2020-01-03T20:04:50Z,28,"Samsung’s North American headquarters was designed to integrate into Silicon Valley, not wall employees off from it. Take a tour with WSJ’s Adam Falk as he checks out the workspace, including its elevated, open-air gardens. 

Photo: Verus Productions

Open Office
Offices are as unique as the companies they house. This WSJ series takes viewers inside standout spaces to show the amenities–and quirks–that separate them from the rest, as designers and company executives explain the reason behind it all.

#WSJ #Samsung #OpenOffice",2518890,42243,,1673,PT6M48S
26,vOj-tRTbFfY,Wall Street Journal,How Scammers in China Manipulate Amazon | WSJ,2018-12-17T16:15:47Z,25,"Chinese sellers resort to a wide range of cunning techniques to manipulate product listings on Amazon and boost sales. WSJ’s Jon Emont investigates their strategies and explains how consumers can detect sham listings. Image: Crystal Tai. Video: Clément Bürge/WSJ

More from the Wall Street Journal:
Visit WSJ.com: http://www.wsj.com
Visit the WSJ Video Center: https://wsj.com/video

On Facebook: https://www.facebook.com/pg/wsj/videos/
On Twitter: https://twitter.com/WSJ
On Snapchat: https://on.wsj.com/2ratjSM

#WSJ #Amazon #scammers",2450840,29693,,3221,PT8M54S
27,BOHG-TGip3Q,Wall Street Journal,Behind Costco's Treasure-Hunt Shopping Strategy | WSJ The Economics Of,2021-03-03T17:00:04Z,25,"Costco is one of the biggest and most successful retailers in the country. In this video, WSJ’s Sarah Nassauer dissects the wholesaler’s unique approach to doing business. 

Photo: Qian Weizhong/ZUMA Press

The Economics Of
How do the world's most successful companies generate revenue? In this explainer series, we'll dive into the surprising stories behind how businesses work--exploring everything from Costco's ""treasure-hunt"" model to the economics behind Amazon's AWS.

More from the Wall Street Journal:
Visit WSJ.com: http://www.wsj.com
Visit the WSJ Video Center: https://wsj.com/video

On Facebook: https://www.facebook.com/pg/wsj/videos/
On Twitter: https://twitter.com/WSJ
On Snapchat: https://on.wsj.com/2ratjSM

#Costco #EconomicsOf #WSJ",2376115,27340,,1236,PT6M9S
28,MTiVW222NXs,Wall Street Journal,More Than 600 Brands Have Withdrawn From Russia. How Are Russians Coping? | WSJ,2022-04-12T14:00:17Z,25,"Since Russia’s invasion of Ukraine, hundreds of foreign companies from Pepsi to Apple to IKEA have pulled back operations from Russia. The country continues to get hit by sweeping sanctions from Western nations causing economic impacts like job loss, inflation and food supply shortages. 

WSJ takes an inside look at how Russians are living with the economic fallout from Putin’s decision to invade Ukraine. 

Photo: Vlad Karkov/Zuma Press

0:00 Supply shortages 
0:49 Corporate withdrawal
2:25 Russian economy 
3:08 Russia’s domestic support

Russia-Ukraine Conflict
WSJ’s latest news coverage around the 2022-2023 Russia-Ukraine conflict.

#Russia #Ukraine #WSJ",2244682,25284,,7897,PT4M12S
29,GrZk7m_yhfk,Wall Street Journal,Can You Afford Steph Curry's House?,2016-05-12T22:30:45Z,25,"Golden State Warrior Steph Curry has listed his Orinda, Calif., home for $3.895 million, a few months after moving into a larger home in a nearby town. WSJ's Candace Taylor joins Tanya Rivero with a peek at the home of the NBA MVP. Photo: Nate Denny/Open Homes Photography

Subscribe to the WSJ channel here:
http://bit.ly/14Q81Xy

More from the Wall Street Journal:
Visit WSJ.com: http://www.wsj.com

Follow WSJ on Facebook: http://www.facebook.com/wsjvideo
Follow WSJ on Google+: https://plus.google.com/+wsj/posts
Follow WSJ on Twitter: https://twitter.com/WSJvideo
Follow WSJ on Instagram: http://instagram.com/wsj
Follow WSJ on Pinterest: http://www.pinterest.com/wsj/ 
Don’t miss a WSJ video, subscribe here: http://bit.ly/14Q81Xy

More from the Wall Street Journal: 
Visit WSJ.com: http://www.wsj.com
Visit the WSJ Video Center: https://wsj.com/video

On Facebook: https://www.facebook.com/pg/wsj/videos/
On Twitter: https://twitter.com/WSJ
On Snapchat: https://on.wsj.com/2ratjSM",2148918,8897,,949,PT2M49S
30,1-OJX1rwnl8,Wall Street Journal,Why Starbucks Operates Like a Bank | WSJ The Economics Of,2022-01-12T17:45:50Z,25,"Starbucks, the $124.4 billion global coffee giant, trails only McDonald’s as the largest restaurant chain by market capitalization. Until a few years ago, the massive coffee company held more mobile payment users than Apple Pay. But what actually makes Starbucks excel in a crowded market? 

WSJ’s Heather Haddon explains how Starbucks used technology to build its loyal customer base and why mobile orders are shifting the chain’s business priorities.

0:00 Starbucks operates like a bank
0:52 Starbucks’s history and menu
2:59 Starbucks’s technology 
4:16 Store models
4:49 Culture and values

The Economics Of
How do the world's most successful companies generate revenue? In this explainer series, we'll dive into the surprising stories behind how businesses work--exploring everything from Costco's ""treasure-hunt"" model to the economics behind Amazon's AWS.

#Starbucks #Coffee #WSJ",2140192,36726,,990,PT7M22S
31,0EBf4dwvcVk,Wall Street Journal,How Finland and Sweden Would Transform NATO’s Military Capabilities | WSJ,2022-05-16T15:00:58Z,25,"Finland and Sweden are taking steps toward applying for membership of NATO, following Russia’s invasion of Ukraine in late February. 

If approved, analysts say the move would significantly enhance the bloc’s military capabilities on land, sea and in the air. Illustration: Laura Kammermann

More from the Wall Street Journal:
Visit WSJ.com: http://www.wsj.com
Visit the WSJ Video Center: https://wsj.com/video

On Facebook: https://www.facebook.com/pg/wsj/videos/
On Twitter: https://twitter.com/WSJ
On Snapchat: https://on.wsj.com/2ratjSM

#NATO #Russia #WSJ",2037576,23480,,3378,PT5M32S
32,2rvFfbI3nmI,Wall Street Journal,Fentanyl: America's Grim New Opioid Addiction,2017-08-19T16:00:00Z,26,"Up to 50 times more powerful than heroin, the synthetic painkiller Fentanyl presents a new level of peril in America's opioid crisis. Joseph Murphy's addiction tore his family apart; now they're aiming to piece their life back together. WSJ Video: Robert Libetti. Photo: Kieran Kesner for The Wall Street Journal 

More from the Wall Street Journal:
Visit WSJ.com: http://www.wsj.com
Visit the WSJ Video Center: https://wsj.com/video

On Facebook: https://www.facebook.com/pg/wsj/videos/
On Twitter: https://twitter.com/WSJ
On Snapchat: https://on.wsj.com/2ratjSM

#WSJ #Opioid  #Fentanyl",2023772,16497,,4405,PT12M21S
33,rrDCSd1OjKQ,Wall Street Journal,What Aircraft Carriers Reveal About the Military Tech Race | WSJ U.S. vs. China,2022-07-29T14:56:34Z,25,"The U.S. has by far the largest aircraft-carrier fleet in the world, but China is catching up on the technology and design with its new vessel–the Fujian. The U.S.’s new Gerald R. Ford carrier holds several advantages over Beijing’s best carrier including a larger range and better ability to detect smaller targets, but the Fujian is catching up in some areas including its launch system for aircrafts. 

WSJ compares the two superpowers’ best military ships to understand their strategic goals.

Illustration: Reshad Malekzai

0:00 The race for the most advanced maritime force
0:30 Aircraft carrier history 
2:13 Location of China’s Fujian
2:58 Fujian’s size, crew and weight
3:55 Launch and landing system
5:46 How the carriers are powered 

U.S. vs. China
This original video series explores the rivalry between the two superpowers’ competing efforts to develop the technologies that are reshaping our world.

#AircraftCarriers #China #WSJ",1975721,21339,,3568,PT7M27S
34,7SuKywEZ5AM,Wall Street Journal,How Scientists Are Trying to Develop a Coronavirus Vaccine | WSJ,2020-02-13T17:00:01Z,28,"Scientists racing to find a vaccine for the coronavirus are hoping a cutting-edge approach called “rapid response platforms” will quickly yield a breakthrough. WSJ’s Jason Bellini explains what these are and how they work. Photo: Tolga Akmen / AFP

More from the Wall Street Journal:
Visit WSJ.com: http://www.wsj.com
Visit the WSJ Video Center: https://wsj.com/video

On Facebook: https://www.facebook.com/pg/wsj/videos/
On Twitter: https://twitter.com/WSJ
On Snapchat: https://on.wsj.com/2ratjSM

#WSJ #Coronavirus #Vaccine",1896881,23877,,1996,PT4M18S
35,Q__CEb3dRqw,Wall Street Journal,Full Debate: Vice President Mike Pence and Sen. Kamala Harris | WSJ,2020-10-08T02:47:26Z,25,"Watch live coverage of the vice-presidential debate, with Vice President Mike Pence and Senator Kamala Harris.

Explore what Mike Pence and Kamala Harris have said about issues that matter to you with our #WSJTalk2020 tool: https://rb.gy/ookgkr

Get scoops, analysis and insights driving Washington from the WSJ's D.C. bureau. Sign up for our Newsletter: https://rb.gy/l6gss6

Subscribe to WSJ's Special Offer Here: https://rb.gy/flkyrb 

For more of The Wall Street Journal: 
Subscribe to WSJ on YouTube: https://www.youtube.com/wsj
Follow WSJ on Twitter: https://twitter.com/wsj
Like WSJ on Facebook: https://www.facebook.com/wsj
Follow WSJ on Snapchat: https://rb.gy/rsebp6

More from the Wall Street Journal:
Visit WSJ.com: http://www.wsj.com
Visit the WSJ Video Center: https://wsj.com/video

On Facebook: https://www.facebook.com/pg/wsj/videos/
On Twitter: https://twitter.com/WSJ
On Snapchat: https://on.wsj.com/2ratjSM

#WSJ #Election2020",1881597,16789,,16129,PT1H31M51S
36,TkxII9fp4BM,Wall Street Journal,"Rockettes Unleashed: Secrets to Their Legs, Kicks",2012-11-30T21:34:55Z,24,"For the 85th anniversary of the Rockettes in New York City, WSJ Off Duty takes you backstage at Radio City Music Hall to meet the world famous dancers and learn some of the workouts and kicks that keep their legs in top condition. Plus, what will it take to pull off their Radio City Christmas Spectacular this year? One million 3-D glasses and 14,096 AA batteries are just the start. With host, Wendy Bounds. 
Don’t miss a WSJ video, subscribe here: http://bit.ly/14Q81Xy

More from the Wall Street Journal: 
Visit WSJ.com: http://www.wsj.com
Visit the WSJ Video Center: https://wsj.com/video

On Facebook: https://www.facebook.com/pg/wsj/videos/
On Twitter: https://twitter.com/WSJ
On Snapchat: https://on.wsj.com/2ratjSM",1881226,10410,,541,PT11M36S
37,g0PIXvjTasI,Wall Street Journal,Restorers Try to Get Lunar Module Guidance Computer Up and Running | WSJ,2019-09-11T16:12:39Z,28,"In 1976 in a warehouse in Texas, Jimmie Loocke bought two tons of scrapped NASA equipment. Years later he realized it included a computer from an Apollo lunar module, like the one used to guide the lander to the surface of the moon during Apollo 11. Fifty years after that mission, computer restoration experts in Silicon Valley are trying to get his computer working again.

More from the Wall Street Journal: 
Visit WSJ.com: http://www.wsj.com
Visit the WSJ Video Center: https://wsj.com/video

On Facebook: https://www.facebook.com/pg/wsj/videos/
On Twitter: https://twitter.com/WSJ
On Snapchat: https://on.wsj.com/2ratjSM

#WSJ #Apollo11",1798097,34479,,3105,PT6M48S
38,HX6M4QunVmA,Wall Street Journal,The Robot Revolution: The New Age of Manufacturing | Moving Upstream,2018-02-01T10:30:01Z,25,"Hundreds of millions of jobs affected. Trillions of dollars of wealth created. These are the potential impacts of a coming wave of automation. In this episode of Moving Upstream, we travelled to Asia to see the next generation of industrial robots, what they're capable of, and whether they’re friend or foe to low-skilled workers. 

Watch more episodes: wsj.com/upstream 
Don’t miss a WSJ video, subscribe here: http://bit.ly/14Q81Xy

More from the Wall Street Journal: 
Visit WSJ.com: http://www.wsj.com
Visit the WSJ Video Center: https://wsj.com/video

On Facebook: https://www.facebook.com/pg/wsj/videos/
On Twitter: https://twitter.com/WSJ
On Snapchat: https://on.wsj.com/2ratjSM",1782244,22892,,1974,PT9M12S
39,-RdDmRlCbRE,Wall Street Journal,U.S. vs. China: The Battle for Bitcoin Mining Supremacy | WSJ,2021-02-17T17:00:00Z,25,"Chinese bitcoin miners have long dominated the global processing power that runs the bitcoin network with sophisticated equipment and access to cheap electricity. But now, a group of U.S. miners with deep pockets wants to conquer a greater share of the industry. 

Photo illustration: Clément Bürge

U.S. vs. China
This original video series explores the rivalry between the two superpowers’ competing efforts to develop the technologies that are reshaping our world.

More from the Wall Street Journal:
Visit WSJ.com: http://www.wsj.com
Visit the WSJ Video Center: https://wsj.com/video

On Facebook: https://www.facebook.com/pg/wsj/videos/
On Twitter: https://twitter.com/WSJ
On Snapchat: https://on.wsj.com/2ratjSM

#WSJ #Bitcoin #Crypto",1772864,25700,,16225,PT8M24S
40,lfTTdSbspDo,Wall Street Journal,Hundreds of Jets Are Stuck in a Fight Between Russia and the West | WSJ,2022-03-24T16:00:31Z,25,"Russia is holding more than 400 Western-owned planes inside its borders, giving leasing companies little chance of getting them back. The move could mean billions of dollars in losses for Western insurers and problems ahead for Russian airlines. Photo illustration: Laura Kammermann

More from the Wall Street Journal:
Visit WSJ.com: http://www.wsj.com
Visit the WSJ Video Center: https://wsj.com/video

On Facebook: https://www.facebook.com/pg/wsj/videos/
On Twitter: https://twitter.com/WSJ
On Snapchat: https://on.wsj.com/2ratjSM

#Russia #Aviation #WSJ",1672598,11508,,1639,PT6M12S
41,k6X_NS_Vkv8,Wall Street Journal,The Battle Over Wagyu Beef | WSJ,2020-06-04T16:00:28Z,25,"Japanese and Australian farmers are competing for the U.S. wagyu market that will be worth $1.1 billion by 2023. WSJ visits one rancher using traditional methods to produce $200 steaks, and another who has invested in new technology to slash prices. Photo: Mami Morisaki for The Wall Street Journal

More from the Wall Street Journal:
Visit WSJ.com: http://www.wsj.com
Visit the WSJ Video Center: https://wsj.com/video

On Facebook: https://www.facebook.com/pg/wsj/videos/
On Twitter: https://twitter.com/WSJ
On Snapchat: https://on.wsj.com/2ratjSM

#WSJ #Wagyu #FoodScience #TheBattleOverWagyu",1666678,14967,,3935,PT7M56S
42,swNgImx5Vwk,Wall Street Journal,"Why Turo, the 'Airbnb for Cars', Is Angering Rental Companies | WSJ",2019-11-26T17:00:11Z,28,"Turo lets individuals rent their personal vehicles. Some “hosts” are building businesses at airports that major car rental companies slam as unfair competition. WSJ’s Jason Bellini reports. 

Photo: Jake Nicol/The Wall Street Journal

More from the Wall Street Journal:
Visit WSJ.com: http://www.wsj.com
Visit the WSJ Video Center: https://wsj.com/video

On Facebook: https://www.facebook.com/pg/wsj/videos/
On Twitter: https://twitter.com/WSJ
On Snapchat: https://on.wsj.com/2ratjSM

#WSJ #Turo #Cars",1653863,18540,,1678,PT7M32S
43,xxBc1c3uAJw,Wall Street Journal,Apple’s Secret iPhone Launch Team: The Event That Began It All,2017-06-29T17:49:00Z,28,"As Tim Cook and Apple launch the iPhone 8 and the iPhone X, the story of Steve Jobs’ original vision is told through exclusive interviews with former Apple executives Scott Forstall, Tony Fadell and Greg Christie. Together they made up the secret Project Purple team and created one of the best-selling products ever. 

 
Don’t miss a WSJ video, subscribe here: http://bit.ly/14Q81Xy

More from the Wall Street Journal: 
Visit WSJ.com: http://www.wsj.com
Visit the WSJ Video Center: https://wsj.com/video

On Facebook: https://www.facebook.com/pg/wsj/videos/
On Twitter: https://twitter.com/WSJ
On Snapchat: https://on.wsj.com/2ratjSM",1627441,26082,,950,PT9M39S
44,qw2nx-I-jAA,Wall Street Journal,How Mark Cuban Is Trying to Disrupt Big Pharma | WSJ,2022-05-11T16:00:33Z,25,"Mark Cuban’s drug company Cost Plus sells more than 200 generic medications, often at steep discounts to list prices. As drug prices remain out of reach for many Americans, Cuban is seeking to supply more affordable prescription drugs by removing insurance plans and healthcare industry middlemen, known as pharmacy benefit managers. 

In an interview with WSJ, billionaire investor Mark Cuban explains how his low-cost, online drug company works and the challenges it faces in a consolidated industry run by big pharma. 

0:00 Mark Cuban’s goal
1:11 Drug supply chain and PBMs
3:48 Cost Plus
5:41 What’s next?

#Healthcare #MarkCuban #WSJ",1607157,29498,,2984,PT7M9S
45,q-jP4vh3z_A,Wall Street Journal,Inside Amtrak’s Dying Long-Distance Trains | WSJ,2019-07-16T17:41:12Z,25,"Amtrak’s proposals for altering or eliminating some of its long-distance train routes, in favor of more frequent service where the population is growing, is facing opposition among those who fear rural America would suffer. WSJ’s Jason Bellini reports. 

Photo: Getty

#WSJ #Amtrak #Trains",1534024,18905,,4598,PT7M21S
46,cZjcqs0O3Kw,Wall Street Journal,Theranos Founder Elizabeth Holmes on Trial: What to Expect | WSJ,2021-08-24T16:03:10Z,25,"As the long-awaited trial of Theranos founder and former CEO Elizabeth Holmes gets underway, WSJ looks back at the scandal’s biggest milestones and speaks with legal reporter Sara Randazzo about what we can expect to see in the fraud trial. Photo Illustration: Adele Morgan/WSJ

More from the Wall Street Journal:
Visit WSJ.com: http://www.wsj.com
Visit the WSJ Video Center: https://wsj.com/video

On Facebook: https://www.facebook.com/pg/wsj/videos/
On Twitter: https://twitter.com/WSJ
On Snapchat: https://on.wsj.com/2ratjSM

#WSJ #Theranos #ElizabethHolmes",1452502,17266,,5039,PT11M36S
47,nNj89ohoYQ0,Wall Street Journal,American Epidemic: The Nation's Struggle With Opioid Addiction,2017-01-03T17:56:59Z,25,"In 2016, Wall Street Journal video journalists Robert Libetti and Adya Beasley chronicled the devastating impact of opioid abuse. This is the story of four families touched by the epidemic. Photo: Robert Libetti

Subscribe to the WSJ channel here:
http://bit.ly/14Q81Xy

More from the Wall Street Journal:
Visit WSJ.com: http://www.wsj.com

Follow WSJ on Facebook: http://www.facebook.com/wsjvideo
Follow WSJ on Google+: https://plus.google.com/+wsj/posts
Follow WSJ on Twitter: https://twitter.com/WSJvideo
Follow WSJ on Instagram: http://instagram.com/wsj
Follow WSJ on Pinterest: http://www.pinterest.com/wsj/ 
Don’t miss a WSJ video, subscribe here: http://bit.ly/14Q81Xy

More from the Wall Street Journal: 
Visit WSJ.com: http://www.wsj.com
Visit the WSJ Video Center: https://wsj.com/video

On Facebook: https://www.facebook.com/pg/wsj/videos/
On Twitter: https://twitter.com/WSJ
On Snapchat: https://on.wsj.com/2ratjSM",1452321,7390,,3111,PT34M27S
48,3Hvxh4ir300,Wall Street Journal,An Inside Look at the U.S. Strategy in Guam to Counter China's Growing Threat | WSJ,2021-11-22T18:22:09Z,25,"The U.S. Army is testing the Iron Dome on Guam. WSJ’s Shelby Holliday got a first-hand look at the missile-defense system, which arrived months after a top military leader called the island’s defenses inadequate against threats from China. Photo: Adam Falk/The Wall Street Journal

More from the Wall Street Journal:
Visit WSJ.com: http://www.wsj.com
Visit the WSJ Video Center: https://wsj.com/video

On Facebook: https://www.facebook.com/pg/wsj/videos/
On Twitter: https://twitter.com/WSJ
On Snapchat: https://on.wsj.com/2ratjSM

#IronDome #Guam #WSJ",1414130,16644,,2438,PT6M46S
49,k53IDbtP-58,Wall Street Journal,Why Amazon Is Gobbling Up Failed Malls | WSJ,2019-05-07T20:11:25Z,28,"As the decline of brick and mortar retail rolls on, commercial real estate developers are left with massive abandoned properties. Who will fill that underutilized space? A series of recent acquisitions by associates of Amazon in Northeastern Ohio provides some clues.

Don’t miss a WSJ video, subscribe here: http://bit.ly/14Q81Xy

More from the Wall Street Journal: 
Visit WSJ.com: http://www.wsj.com
Visit the WSJ Video Center: https://wsj.com/video

On Facebook: https://www.facebook.com/pg/wsj/videos/
On Twitter: https://twitter.com/WSJ
On Snapchat: https://on.wsj.com/2ratjSM 

#WSJ #Amazon",1383518,16170,,1589,PT5M43S
